"artist_count","released_weekday","years_since_release","released_month","in_spotify_playlists","in_spotify_charts","in_apple_playlists","in_apple_charts","in_deezer_playlists","in_deezer_charts","in_shazam_charts","bpm","streams"
2,"Freitag",0,"July",6.31535800152233,4.99043258677874,3.76120011569356,263,2.30258509299405,10,826,125,141381703
1,"Donnerstag",0,"March",7.29573507274928,3.87120101090789,3.87120101090789,126,2.63905732961526,14,382,92,133716286
1,"Freitag",0,"June",7.24208235925696,4.72738781871234,4.54329478227,207,2.63905732961526,14,949,138,140003974
1,"Freitag",4,"August",8.96928740011841,4.60517018598809,4.75359019110636,207,2.484906649788,12,548,170,800840817
1,"Donnerstag",0,"May",8.04974629095219,3.91202300542815,4.43081679884331,133,2.70805020110221,15,425,144,303236322
2,"Donnerstag",0,"June",7.68982866873648,4.51085950651685,4.20469261939097,213,2.83321334405622,17,946,141,183706234
2,"Donnerstag",0,"March",8.03592636989179,3.91202300542815,3.52636052461616,222,2.56494935746154,13,418,148,725980112
1,"Freitag",0,"July",6.57088296233958,3.76120011569356,3.2188758248682,89,2.56494935746154,13,194,100,58149378
1,"Montag",0,"May",6.99942246750796,4.4188406077966,4.0943445622221,210,2.39789527279837,11,953,130,95217315
2,"Freitag",0,"March",7.99057688174392,3.78418963391826,3.89182029811063,110,2.56494935746154,13,339,170,553634067
2,"Montag",0,"April",7.96415571884094,3.68887945411394,3.71357206670431,205,2.484906649788,12,251,83,505671438
1,"Freitag",0,"July",6.04500531403601,4.00733318523247,3.61091791264422,202,1.6094379124341,5,168,150,58255150
1,"Donnerstag",0,"January",9.41009246383302,4.74493212836325,5.7037824746562,215,4.06044301054642,58,1021,118,1316855716
1,"Freitag",0,"April",8.16848641712668,4.58496747867057,4.38202663467388,156,3.17805383034795,24,1281,130,387570742
1,"Donnerstag",1,"March",10.0679421075017,4.86753445045558,5.99893656194668,198,3.8286413964891,46,2,174,2513188493
1,"Donnerstag",1,"December",9.00072983494456,4.34380542185368,5.20948615284142,162,2.484906649788,12,187,89,1163093654
1,"Freitag",0,"February",7.98684490116138,4.34380542185368,4.51085950651685,212,1.79175946922805,6,0,120,496795686
1,"Donnerstag",0,"July",6.7719355558396,4.64439089914137,4.38202663467388,227,3.17805383034795,24,1173,78,30546883
2,"Freitag",0,"March",7.86710550031674,3.68887945411394,3.76120011569356,100,2.63905732961526,14,187,100,335222234
1,"Freitag",0,"March",6.39024066706535,4.21950770517611,2.07944154167984,104,0.693147180559945,2,29,120,363369738
3,"Donnerstag",0,"June",5.80513496891649,3.25809653802148,2.39789527279837,163,1.38629436111989,4,0,140,86444842
1,"Freitag",0,"July",6.24610676548156,3.63758615972639,4.29045944114839,119,0,1,150,123,52135248
1,"Dienstag",10,"January",9.46179923427044,4.70048036579242,3.17805383034795,98,0.693147180559945,2,73,135,1297026226
2,"Mittwoch",0,"May",7.1800698743028,3.68887945411394,2.83321334405622,152,2.39789527279837,11,139,133,200647221
3,"Freitag",0,"June",7.57301725605255,4.46590811865458,4.30406509320417,182,2.63905732961526,14,1093,99,115364561
1,"Donnerstag",0,"June",5.52146091786225,3.25809653802148,2.77258872223978,149,1.6094379124341,5,168,130,78300654
2,"Freitag",1,"March",8.86953877719374,4.34380542185368,5.30826769740121,119,3.63758615972639,38,96,107,899183384
2,"Donnerstag",0,"June",6.75576892198425,3.68887945411394,3.55534806148941,109,2.63905732961526,14,211,122,61245289
1,"Dienstag",0,"January",7.79152281915073,2.94443897916644,3.95124371858143,107,0,1,325,204,429829812
1,"Donnerstag",0,"May",8.00235954625271,4.61512051684126,-9.21034037197618,0,3.63758615972639,38,0,110,127408954
1,"Donnerstag",0,"July",6.76157276880406,4.35670882668959,4.26267987704132,135,0,1,294,126,22581161
2,"Mittwoch",0,"June",5.5834963087817,3.52636052461616,2.99573227355399,185,2.07944154167984,8,197,168,52294266
3,"Freitag",1,"December",8.70549681988774,4.47733681447821,4.72738781871234,149,3.13549421592915,23,27,98,843957510
1,"Freitag",1,"October",9.1140497116579,4.02535169073515,5.48893772615669,142,2.19722457733622,9,310,97,999748277
2,"Donnerstag",0,"February",8.36264243156764,3.89182029811063,4.74493212836325,123,2.89037175789616,18,354,180,618990393
8,"Donnerstag",0,"June",7.0475172213573,3.43398720448515,3.09104245335832,33,1.94591014905531,7,184,120,123122413
2,"Freitag",0,"April",6.51025834052315,3.52636052461616,2.94443897916644,108,2.19722457733622,9,212,150,188933502
1,"Mittwoch",9,"January",9.34434665182392,3.97029191355212,5.03695260241363,123,0.693147180559945,2,81,96,1355959075
1,"Mittwoch",9,"January",8.96571778898485,3.73766961828337,4.54329478227,111,1.38629436111989,4,82,95,786181836
1,"Freitag",0,"May",6.36990098282823,3.3322045101752,2.77258872223978,159,1.79175946922805,6,100,125,176553476
2,"Freitag",0,"February",6.53958595561767,3.2188758248682,2.30258509299405,107,1.09861228866811,3,62,144,354495408
2,"Dienstag",5,"October",10.0897181258268,4.35670882668959,5.91889385427315,117,1.38629436111989,4,69,90,2808096550
2,"Freitag",1,"August",9.43204288549399,4.38202663467388,5.67332326717149,184,3.80666248977032,45,727,128,1109433169
3,"Freitag",6,"July",9.5020393657859,4.15888308335967,4.34380542185368,58,0,1,311,79,1047101291
3,"Freitag",0,"June",7.0184017990692,4.38202663467388,4.40671924726425,145,2.77258872223978,16,1133,144,65156199
1,"Freitag",3,"November",8.12326131912175,2.94443897916644,4.17438726989564,48,0,1,102,122,570515054
1,"Freitag",1,"May",9.03967066792268,4.33073334028633,5.48479693349065,127,3.61091791264422,37,332,140,1085685420
1,"Donnerstag",7,"November",7.81722278550817,4.07753744390572,4.21950770517611,21,-Inf,0,259,134,1647990401
2,"Mittwoch",7,"September",10.2933651373026,4.36944785246702,5.63835466933375,137,0,1,140,186,2565529693
2,"Freitag",0,"February",8.13388088794921,3.85014760171006,4.46590811865458,86,0,1,16,67,518745108
3,"Freitag",0,"June",7.16857989726403,3.63758615972639,3.78418963391826,64,2.30258509299405,10,110,106,107753850
3,"Donnerstag",0,"April",8.36100710822691,4.18965474202643,4.97673374242057,111,2.39789527279837,11,810,128,177740666
1,"Freitag",0,"February",7.03262426102801,3.66356164612965,2.63905732961526,71,2.30258509299405,10,176,107,153372011
1,"Donnerstag",0,"June",7.722677516468,4.07753744390572,-9.21034037197618,0,2.83321334405622,17,0,130,57876440
1,"Montag",11,"October",9.81852861330894,4.4188406077966,5.52146091786225,122,2.94443897916644,19,2,123,1813673666
1,"Freitag",4,"November",10.6896468197605,4.23410650459726,6.51025834052315,199,2.99573227355399,20,2,171,3703895074
1,"Freitag",0,"February",7.88193748927207,3.73766961828337,4.20469261939097,79,0,1,615,137,256483385
1,"Donnerstag",1,"May",8.82526595351575,3.80666248977032,4.93447393313069,111,2.70805020110221,15,210,125,1214083358
1,"Freitag",0,"July",6.26339826259162,3.71357206670431,3.52636052461616,115,1.79175946922805,6,216,128,16011326
1,"Freitag",3,"July",8.97752520096524,3.36729582998647,4.66343909411207,112,1.38629436111989,4,215,130,812019557
2,"Donnerstag",0,"May",6.59441345974978,2.70805020110221,3.29583686600433,17,1.38629436111989,4,167,130,111947664
2,"Freitag",0,"February",8.55333223803211,3.71357206670431,5.03695260241363,84,2.63905732961526,14,37,133,156338624
3,"Freitag",1,"June",8.04141290939305,3.66356164612965,3.63758615972639,0,-Inf,0,0,101,720434240
2,"Freitag",0,"March",8.30721262662831,3.91202300542815,4.40671924726425,121,2.484906649788,12,171,95,357925728
2,"Donnerstag",1,"October",8.44182288439146,3.63758615972639,4.14313472639153,79,2.39789527279837,11,16,98,674072710
1,"Freitag",24,"January",10.3532246969204,3.76120011569356,5.27811465923052,2,1.6094379124341,5,0,173,1755214421
1,"Freitag",1,"October",8.24748200428569,3.13549421592915,3.61091791264422,55,-Inf,0,272,90,404562836
1,"Freitag",1,"December",8.16223106548118,4.02535169073515,4.65396035015752,64,2.07944154167984,8,529,198,373199958
1,"Freitag",0,"July",6.01615715969835,3.58351893845611,3.58351893845611,32,0,1,26,140,14780425
1,"Freitag",0,"July",4.99721227376411,3.17805383034795,3.46573590279973,93,0.693147180559945,2,5,82,39578178
2,"Freitag",0,"June",6.91174730025167,3.55534806148941,3.73766961828337,80,1.09861228866811,3,169,130,54266102
1,"Sonntag",3,"June",10.0231798754541,4.14313472639153,5.95583736946483,144,3.3322045101752,28,2,81,2557975762
1,"Freitag",1,"July",8.4142741374084,3.58351893845611,4.24849524204936,58,2.89037175789616,18,230,94,751134527
1,"Montag",11,"May",9.70582898273194,4.11087386417331,5.11198778835654,87,0,1,2,124,2282771485
2,"Mittwoch",1,"July",9.04852707581358,3.80666248977032,4.54329478227,65,2.63905732961526,14,176,128,1356565093
1,"Dienstag",15,"January",10.431111294578,4.12713438504509,5.4510384535657,0,2.19722457733622,9,0,138,1592909789
1,"Sonntag",1,"July",8.08517874807454,3.13549421592915,4.54329478227,85,0,1,84,132,635412045
2,"Donnerstag",1,"September",9.05672288331058,3.73766961828337,5.37527840768417,108,3.25809653802148,26,154,131,1230675890
2,"Dienstag",1,"December",8.19367666595524,3.63758615972639,3.85014760171006,74,2.63905732961526,14,194,168,585695368
1,"Donnerstag",0,"June",5.91350300563827,2.99573227355399,2.484906649788,16,1.38629436111989,4,93,98,43857627
1,"Mittwoch",48,"January",10.3457023746743,4.00733318523247,5.7037824746562,65,0,1,0,102,2009094673
2,"Freitag",1,"April",7.93379687481541,3.40119738166216,4.0943445622221,96,-Inf,0,115,101,600976848
2,"Freitag",0,"June",5.58724865840025,2.19722457733622,2.19722457733622,6,0.693147180559945,2,72,130,39709092
1,"Freitag",0,"July",4.93447393313069,2.83321334405622,2.77258872223978,72,-Inf,0,8,142,39228929
2,"Freitag",2,"July",9.74390548271166,3.58351893845611,6.19847871649231,99,3.43398720448515,31,0,170,2665343922
2,"Freitag",0,"March",7.65633716643018,3.78418963391826,4.38202663467388,75,2.39789527279837,11,323,124,223633238
1,"Donnerstag",5,"November",9.78897416574737,3.97029191355212,6.08677472691231,125,-Inf,0,2,110,2887241814
2,"Freitag",1,"May",9.09043007530363,3.76120011569356,4.64439089914137,120,3.25809653802148,26,49,92,1440757818
1,"Montag",8,"June",8.70946507906336,3.97029191355212,5.01063529409626,148,3.09104245335832,22,1451,116,165484133
2,"Mittwoch",11,"June",6.46302945692067,3.91202300542815,0,52,-Inf,0,1170,129,58054811
1,"Freitag",0,"March",7.27655640271871,2.484906649788,4.04305126783455,97,-Inf,0,429,98,157058870
1,"Freitag",0,"March",6.68959926917897,3.2188758248682,3.36729582998647,76,-Inf,0,162,172,95131998
2,"Freitag",0,"March",7.58171964012531,3.63758615972639,3.3322045101752,89,1.6094379124341,5,82,150,250305248
1,"Mittwoch",6,"November",8.49187538343195,3.13549421592915,2.94443897916644,45,-Inf,0,10,136,685032533
1,"Freitag",3,"June",3.43398720448515,3.66356164612965,0.693147180559945,107,-Inf,0,0,88,38411956
2,"Freitag",0,"May",7.68478394352278,3.13549421592915,4.23410650459726,145,0.693147180559945,2,478,143,144565150
1,"Freitag",0,"March",7.60090245954208,3.8286413964891,3.89182029811063,105,0,1,0,100,127567540
1,"Freitag",1,"December",7.95120715647297,3.2188758248682,4.06044301054642,156,0,1,236,143,399686758
1,"Samstag",12,"January",9.92000046091034,3.95124371858143,4.48863636973214,143,1.09861228866811,3,200,112,983637508
1,"Freitag",0,"June",6.51323011091231,3.85014760171006,2.99573227355399,106,1.38629436111989,4,78,93,118482347
1,"Sonntag",11,"January",9.04168500594604,3.13549421592915,5.07517381523383,110,-Inf,0,5,206,882831184
3,"Freitag",1,"December",7.65444322647011,4.06044301054642,2.83321334405622,119,0.693147180559945,2,266,88,286400165
1,"Freitag",0,"April",7.83518375526675,3.66356164612965,4.02535169073515,91,1.09861228866811,3,486,170,172825906
1,"Donnerstag",19,"January",9.47155012409685,4.11087386417331,3.89182029811063,98,1.6094379124341,5,204,84,1241559043
1,"Freitag",0,"July",4.34380542185368,3.55534806148941,2.07944154167984,166,1.38629436111989,4,34,134,29562220
1,"Mittwoch",1,"April",5.5834963087817,3.29583686600433,1.79175946922805,40,1.79175946922805,6,202,158,77309611
3,"Freitag",6,"November",9.95688612926082,3.95124371858143,5.95064255258773,135,3.61091791264422,37,312,116,1605224506
1,"Freitag",6,"April",8.13827263853019,3.04452243772342,3.71357206670431,100,0,1,32,117,1116995633
1,"Donnerstag",2,"March",8.34236350038058,3.78418963391826,4.58496747867057,108,2.83321334405622,17,153,114,838079900
1,"Samstag",12,"January",9.59825232083676,3.76120011569356,4.47733681447821,112,1.6094379124341,5,519,108,1163620694
2,"Sonntag",11,"January",10.195858614474,3.46573590279973,4.23410650459726,113,-Inf,0,458,144,1093605526
1,"Freitag",1,"December",5.36129216570943,1.79175946922805,1.94591014905531,6,-Inf,0,48,130,179659294
2,"Donnerstag",0,"June",4.06044301054642,2.89037175789616,0.693147180559945,106,0.693147180559945,2,184,116,39058561
1,"Freitag",0,"July",4.59511985013459,2.70805020110221,3.04452243772342,52,0,1,0,121,36912123
1,"Sonntag",38,"February",10.639478682088,3.2188758248682,4.61512051684126,32,-Inf,0,666,112,1205951614
1,"Dienstag",9,"December",9.96005690402402,3.58351893845611,4.38202663467388,65,-Inf,0,14,100,1791000570
1,"Samstag",0,"February",8.00235954625271,4.07753744390572,4.30406509320417,102,2.89037175789616,18,925,150,201660859
2,"Mittwoch",0,"February",6.7945865808765,3.63758615972639,2.94443897916644,23,1.09861228866811,3,88,120,248088961
3,"Freitag",0,"May",6.99759598298193,3.52636052461616,3.68887945411394,58,2.07944154167984,8,203,127,90839753
1,"Freitag",3,"July",8.8989119057944,3.09104245335832,3.2188758248682,81,0,1,44,90,607123776
2,"Donnerstag",0,"June",5.30330490805908,2.39789527279837,2.94443897916644,117,0,1,74,128,55842345
2,"Freitag",0,"March",8.54090971803355,3.87120101090789,5.08140436498446,115,2.19722457733622,9,638,143,211050784
1,"Freitag",1,"July",7.76046702921342,3.29583686600433,4.23410650459726,12,2.07944154167984,8,64,139,342897938
2,"Freitag",1,"December",6.63725803128446,3.25809653802148,3.04452243772342,110,2.19722457733622,9,71,162,2762
1,"Freitag",2,"June",6.12468339089421,3.17805383034795,2.07944154167984,116,1.09861228866811,3,2,92,330346424
1,"Freitag",1,"August",8.14031554015999,3.63758615972639,3.80666248977032,69,1.38629436111989,4,3,95,601863821
3,"Dienstag",12,"August",8.71177264560569,3.95124371858143,5.30330490805908,44,0.693147180559945,2,0,146,1953533826
1,"Sonntag",4,"November",9.99492661285291,3.52636052461616,6.07993319509559,115,2.484906649788,12,2,95,2322580122
2,"Freitag",6,"August",9.6179365410933,3.40119738166216,5.39816270151775,96,0.693147180559945,2,136,115,2355719893
2,"Mittwoch",0,"June",6.7696419768525,3.46573590279973,3.2188758248682,59,1.6094379124341,5,88,128,66902503
1,"Montag",0,"May",6.11146733950268,3.49650756146648,2.30258509299405,126,-Inf,0,148,130,96273746
1,"Montag",0,"January",7.48605261786314,3.29583686600433,3.25809653802148,124,0,1,22,127,430977451
1,"Samstag",12,"January",9.14729407025855,3.8286413964891,3.17805383034795,122,1.09861228866811,3,368,150,284819874
2,"Mittwoch",0,"January",8.65242314067634,3.78418963391826,4.77912349311153,108,3.36729582998647,29,22,122,721975598
1,"Freitag",16,"April",9.54574060563606,3.2188758248682,3.40119738166216,80,0,1,1,140,1217120710
4,"Freitag",0,"June",6.95749737087695,2.77258872223978,3.43398720448515,37,-Inf,0,189,140,109276132
3,"Freitag",1,"December",7.42773884053289,3.8286413964891,3.17805383034795,90,0,1,176,119,276259178
5,"Montag",0,"May",5.2040066870768,2.07944154167984,1.09861228866811,88,-Inf,0,52,110,54225632
1,"Sonntag",6,"January",9.71691698145276,2.56494935746154,1.94591014905531,0,-Inf,0,0,95,2559529074
1,"Mittwoch",1,"July",7.755767170103,3.13549421592915,4.40671924726425,55,-Inf,0,9,132,681583126
1,"Dienstag",6,"January",9.85145714444174,3.13549421592915,5.52146091786225,121,2.30258509299405,10,31,125,2594040133
4,"Freitag",0,"May",5.64544689764324,1.94591014905531,1.79175946922805,9,0,1,66,124,81102253
2,"Donnerstag",0,"June",5.68017260901707,2.07944154167984,1.6094379124341,2,0.693147180559945,2,66,133,11956641
1,"Dienstag",21,"January",9.95612743986031,3.76120011569356,4.58496747867057,76,1.6094379124341,5,0,112,1687664027
3,"Donnerstag",0,"July",6.07993319509559,3.43398720448515,2.83321334405622,29,1.09861228866811,3,208,97,11599388
2,"Donnerstag",7,"November",7.15070145759253,3.46573590279973,2.56494935746154,8,-Inf,0,1,90,611700552
2,"Freitag",1,"May",8.72176535714501,3.63758615972639,4.26267987704132,113,2.56494935746154,13,28,80,1133865788
1,"Donnerstag",19,"January",9.90423727142667,2.77258872223978,4.67282883446191,69,-Inf,0,558,172,1089402494
1,"Freitag",4,"May",7.3178761986265,2.63905732961526,3.17805383034795,71,0,1,195,120,411747614
1,"Freitag",0,"January",6.289715570909,3.04452243772342,1.94591014905531,71,0.693147180559945,2,13,140,255932395
1,"Freitag",0,"June",4.45434729625351,2.07944154167984,1.94591014905531,76,0,1,93,128,31873544
1,"Freitag",0,"May",5.78074351579233,2.63905732961526,2.56494935746154,110,0.693147180559945,2,60,122,95053634
2,"Freitag",13,"January",9.74905349922906,3.61091791264422,4.77912349311153,81,0,1,503,130,1279434863
2,"Donnerstag",0,"February",6.79570577517351,2.19722457733622,2.63905732961526,88,1.09861228866811,3,72,160,233801632
1,"Mittwoch",11,"December",7.39141523467536,2.19722457733622,-9.21034037197618,0,-Inf,0,0,144,1481349984
3,"Dienstag",0,"April",6.3297209055227,2.63905732961526,1.38629436111989,14,1.6094379124341,5,56,192,142095275
2,"Freitag",1,"June",8.67778025606419,3.29583686600433,4.39444915467244,121,0,1,34,163,618885532
1,"Dienstag",10,"January",10.2824375549885,3.76120011569356,5.18738580584075,97,2.39789527279837,11,153,122,2011464183
1,"Freitag",2,"March",8.6769282495374,3.17805383034795,4.67282883446191,38,-Inf,0,2,154,1167330737
1,"Freitag",4,"October",8.25816336153762,3.25809653802148,4.89034912822175,181,-Inf,0,2,117,929964809
2,"Montag",0,"January",6.86797440897029,3.25809653802148,2.94443897916644,143,1.79175946922805,6,15,138,436027885
1,"Dienstag",19,"July",8.77292009262647,2.89037175789616,4.58496747867057,95,-Inf,0,454,96,657723613
3,"Montag",7,"April",10.6749143489748,3.17805383034795,6.07073772800249,107,-Inf,0,26,104,2713922350
1,"Freitag",13,"January",8.42595471098197,2.77258872223978,3.17805383034795,101,-Inf,0,40,164,621660989
1,"Freitag",3,"March",9.44841194387463,2.56494935746154,5.28320372873799,115,-Inf,0,200,118,1591223784
1,"Dienstag",13,"May",9.53249633228804,2.94443897916644,4.91998092582813,125,1.79175946922805,6,285,81,950906471
1,"Donnerstag",40,"January",10.0185557953638,2.94443897916644,5.35185813347607,74,-Inf,0,129,117,1593270737
1,"Montag",8,"February",9.82633649334771,3.55534806148941,4.24849524204936,82,0,1,162,174,1410088830
2,"Samstag",12,"January",10.5144209202785,3.04452243772342,5.77144112313002,91,0,1,58,128,1235005533
1,"Mittwoch",11,"December",7.79152281915073,2.39789527279837,-9.21034037197618,0,-Inf,0,0,145,1661187319
1,"Freitag",5,"May",8.6821990260005,2.94443897916644,-9.21034037197618,0,-Inf,0,0,150,1374581173
3,"Freitag",0,"June",6.58892647753352,2.77258872223978,2.83321334405622,60,0,1,44,90,94186466
1,"Dienstag",10,"January",10.4277129963651,3.25809653802148,4.89034912822175,92,0,1,26,85,1788326445
1,"Sonntag",11,"January",10.1921941000341,2.56494935746154,4.17438726989564,82,1.38629436111989,4,13,180,1840364617
1,"Mittwoch",0,"April",5.87493073085203,2.77258872223978,3.55534806148941,102,0,1,117,166,143573775
1,"Freitag",7,"November",8.78232285939751,2.83321334405622,3.80666248977032,85,0,1,47,160,684675814
1,"Mittwoch",9,"January",9.9681041956221,2.56494935746154,5.79301360838414,70,2.19722457733622,9,20,160,1113838873
1,"Dienstag",10,"January",10.0600211053509,3.36729582998647,3.98898404656427,70,0.693147180559945,2,1,92,1267333350
1,"Samstag",1,"March",8.07153089355666,2.89037175789616,4.99721227376411,80,3.17805383034795,24,0,170,726307468
1,"Freitag",6,"January",10.3791314952655,2.30258509299405,3.49650756146648,0,1.94591014905531,7,0,96,3562543890
1,"Montag",9,"November",8.87122464440955,2.89037175789616,4.0943445622221,20,-Inf,0,2,120,1131090940
2,"Freitag",0,"January",6.38350663488401,2.63905732961526,2.39789527279837,84,0,1,30,98,307370144
1,"Montag",31,"September",10.5111857712636,1.94591014905531,4.98360662170834,72,1.6094379124341,5,80,92,1271293243
1,"Freitag",4,"October",6.67708346124714,2.30258509299405,3.63758615972639,25,-Inf,0,263,150,265882712
1,"Dienstag",6,"March",9.4796802501801,2.83321334405622,4.11087386417331,96,0.693147180559945,2,116,94,841749534
1,"Freitag",0,"May",4.20469261939097,2.07944154167984,1.94591014905531,10,-Inf,0,57,90,47956378
1,"Samstag",7,"August",9.97924416493538,3.40119738166216,4.71849887129509,68,0,1,39,160,806397070
1,"Freitag",4,"August",9.88654483180582,2.77258872223978,5.96870755998537,73,1.09861228866811,3,37,120,2132335812
1,"Freitag",13,"January",9.95731263923104,2.56494935746154,4.40671924726425,0,-Inf,0,0,109,1641426668
1,"Freitag",10,"September",10.0776089127647,3.43398720448515,5.23110861685459,99,0,1,0,129,2135158446
2,"Freitag",1,"December",6.74405918631135,3.09104245335832,3.29583686600433,129,1.94591014905531,7,111,157,367316268
1,"Freitag",2,"April",7.87054784450771,2.484906649788,3.85014760171006,90,-Inf,0,7,130,350381515
1,"Freitag",1,"May",9.10908253990196,3.73766961828337,4.82028156560504,133,2.63905732961526,14,166,107,1264310836
1,"Freitag",0,"July",4.45434729625351,2.39789527279837,1.09861228866811,33,-Inf,0,1,146,30343206
1,"Montag",3,"February",7.48885295573346,2.63905732961526,0,50,-Inf,0,19,139,405136812
1,"Montag",55,"July",9.67344525953076,2.63905732961526,4.26267987704132,37,-Inf,0,167,116,1145727611
1,"Dienstag",13,"July",6.19847871649231,3.58351893845611,1.38629436111989,3,-Inf,0,0,95,540654286
4,"Donnerstag",0,"June",6.65027904858742,3.49650756146648,2.99573227355399,46,2.07944154167984,8,99,170,57312735
1,"Montag",1,"December",7.05098944706805,3.09104245335832,3.3322045101752,125,0,1,51,134,397582059
1,"Freitag",39,"October",10.712794229303,2.83321334405622,3.52636052461616,0,1.79175946922805,6,0,84,1479115056
4,"Freitag",0,"June",6.31173480915291,1.38629436111989,2.56494935746154,46,0,1,10,146,86773632
5,"Montag",0,"May",6.3578422665081,2.63905732961526,3.09104245335832,18,0,1,0,74,133753727
1,"Donnerstag",0,"May",6.86171134048073,3.36729582998647,3.61091791264422,50,2.39789527279837,11,31,144,123124076
3,"Donnerstag",1,"November",6.90274273715859,2.94443897916644,2.484906649788,117,1.6094379124341,5,3,136,463564958
3,"Montag",0,"May",5.18178355029209,1.79175946922805,1.79175946922805,71,-Inf,0,31,100,64533040
1,"Freitag",0,"June",5.66988092298052,2.94443897916644,2.19722457733622,101,-Inf,0,73,105,65496046
1,"Freitag",0,"May",6.30444880242198,-9.21034037197618,2.70805020110221,15,-Inf,0,0,106,68616963
2,"Donnerstag",0,"March",6.52356230614951,2.30258509299405,2.70805020110221,92,0.693147180559945,2,26,132,161460990
2,"Freitag",0,"June",5.80513496891649,1.6094379124341,2.89037175789616,41,-Inf,0,19,120,70106975
2,"Freitag",0,"March",7.08757370555797,2.56494935746154,3.78418963391826,34,0,1,171,155,113509496
2,"Samstag",0,"May",5.5683445037611,1.6094379124341,2.07944154167984,60,0,1,109,129,89933133
2,"Donnerstag",1,"September",5.08140436498446,1.79175946922805,2.30258509299405,79,-Inf,0,42,135,71007139
2,"Freitag",0,"June",5.22035582507832,1.09861228866811,1.6094379124341,6,0,1,33,98,43522589
1,"Freitag",0,"March",6.73221070646721,2.89037175789616,2.99573227355399,110,-Inf,0,69,124,232896922
3,"Freitag",0,"June",5.55682806169954,-9.21034037197618,1.6094379124341,17,-Inf,0,0,135,37126685
1,"Donnerstag",0,"March",7.97762509878459,3.40119738166216,4.75359019110636,69,1.09861228866811,3,675,107,195576623
2,"Mittwoch",1,"October",8.54266598738927,3.2188758248682,4.75359019110636,84,2.89037175789616,18,348,96,532336353
2,"Mittwoch",1,"November",8.24117615049496,3.52636052461616,3.85014760171006,77,2.30258509299405,10,8,123,538115192
2,"Freitag",0,"May",6.37672694789863,-9.21034037197618,3.13549421592915,21,-Inf,0,0,90,46142772
3,"Freitag",1,"December",7.99260665240021,2.77258872223978,3.71357206670431,69,-Inf,0,36,117,401036314
2,"Dienstag",0,"April",5.67332326717149,2.07944154167984,2.07944154167984,78,0,1,1,133,127026613
1,"Freitag",1,"December",7.74975340627444,3.58351893845611,3.36729582998647,65,1.6094379124341,5,3,96,345031710
2,"Donnerstag",1,"December",6.2841341610708,2.30258509299405,2.30258509299405,72,1.09861228866811,3,14,149,288101651
2,"Freitag",0,"May",5.88332238848828,0.693147180559945,0,0,-Inf,0,0,110,60350538
1,"Mittwoch",1,"November",8.31776616671934,1.79175946922805,4.77068462446567,48,-Inf,0,240,105,335074782
1,"Montag",0,"May",5.85507192220243,4.23410650459726,2.07944154167984,96,-Inf,0,56,105,76767396
2,"Freitag",0,"May",5.9427993751267,1.6094379124341,3.13549421592915,82,-Inf,0,113,134,46065667
1,"Freitag",1,"July",7.80832305039106,3.58351893845611,3.85014760171006,66,1.6094379124341,5,6,170,459276435
2,"Freitag",0,"June",5.62401750618734,0,0,20,-Inf,0,1,81,39666245
2,"Mittwoch",0,"March",6.87419849545329,1.6094379124341,1.94591014905531,29,0,1,29,154,138517666
1,"Mittwoch",1,"June",9.01018065705235,2.484906649788,5.04342511691925,72,2.77258872223978,16,29,169,822633917
1,"Freitag",1,"July",8.96724918285228,2.30258509299405,5.37063802812766,88,3.25809653802148,26,23,115,595900742
2,"Montag",0,"June",5.37063802812766,1.79175946922805,1.79175946922805,14,0.693147180559945,2,4,84,51985779
2,"Donnerstag",0,"May",7.0335064842877,3.09104245335832,3.66356164612965,14,0.693147180559945,2,3,93,57945987
2,"Freitag",0,"April",7.17395831975679,3.52636052461616,3.36729582998647,26,1.6094379124341,5,44,91,115010040
1,"Freitag",0,"April",7.63336964967958,1.79175946922805,4.06044301054642,70,-Inf,0,182,142,175097833
2,"Freitag",0,"May",6.79794041297493,-9.21034037197618,3.52636052461616,2,-Inf,0,1,126,57089066
1,"Freitag",1,"October",8.23297179059344,2.07944154167984,3.93182563272433,43,2.30258509299405,10,1,97,488386797
5,"Freitag",0,"June",5.28320372873799,-9.21034037197618,1.09861228866811,10,-Inf,0,0,101,32761689
1,"Freitag",1,"May",8.29504914043511,3.49650756146648,3.52636052461616,65,1.79175946922805,6,2,98,1047480053
1,"Freitag",0,"January",6.89162589705225,1.6094379124341,2.07944154167984,57,0.693147180559945,2,49,154,153454328
1,"Dienstag",0,"February",7.12286665859908,3.17805383034795,3.93182563272433,29,1.38629436111989,4,54,120,217672943
1,"Montag",1,"October",8.29279885820037,2.56494935746154,4.27666611901606,27,-Inf,0,0,150,457184829
1,"Donnerstag",7,"January",8.94650502599868,2.56494935746154,4.77912349311153,66,0.693147180559945,2,2,174,939844851
1,"Mittwoch",2,"September",8.39547743273214,1.38629436111989,4.23410650459726,100,2.99573227355399,20,438,202,726434358
2,"Freitag",1,"November",8.44612674298238,2.89037175789616,4.43081679884331,84,-Inf,0,23,153,573633020
1,"Donnerstag",2,"October",9.22965268300856,2.99573227355399,5.55295958492162,87,3.09104245335832,22,9,142,1406111294
2,"Donnerstag",0,"May",5.59471137960184,1.38629436111989,1.94591014905531,2,0,1,11,108,71573339
2,"Freitag",0,"June",5.36597601502185,-9.21034037197618,1.09861228866811,3,-Inf,0,0,143,24975653
1,"Dienstag",0,"February",6.73933662735717,0.693147180559945,2.484906649788,57,0,1,33,108,145458418
1,"Samstag",23,"January",9.94092783550997,3.29583686600433,4.39444915467244,53,0,1,17,104,1424589568
3,"Freitag",1,"December",7.14440718032114,2.99573227355399,3.71357206670431,22,1.38629436111989,4,84,93,231332117
1,"Freitag",2,"December",7.85748078694253,3.46573590279973,1.09861228866811,79,0,1,54,105,415932686
1,"Freitag",1,"June",8.75305551513822,1.79175946922805,4.69134788222914,42,1.09861228866811,3,31,170,988515741
3,"Donnerstag",0,"May",6.51471269087253,0,2.19722457733622,13,-Inf,0,1,178,50847624
1,"Freitag",0,"May",6.57228254269401,-9.21034037197618,3.61091791264422,3,-Inf,0,50,176,39893489
2,"Montag",0,"May",5.78996017089725,2.56494935746154,2.63905732961526,110,-Inf,0,49,104,92035115
1,"Freitag",0,"April",5.4971682252932,2.484906649788,1.79175946922805,84,0.693147180559945,2,9,85,118810253
2,"Sonntag",0,"April",5.95324333428778,1.38629436111989,2.83321334405622,7,0,1,29,117,77233241
1,"Freitag",0,"February",6.92755790627832,3.55534806148941,2.70805020110221,26,1.79175946922805,6,0,80,206399629
1,"Freitag",0,"April",7.45587668749182,1.09861228866811,3.8286413964891,5,-Inf,0,20,98,117747907
2,"Donnerstag",0,"February",7.66246781520024,3.49650756146648,3.80666248977032,80,2.07944154167984,8,4,178,266624541
1,"Freitag",1,"April",8.08394570229562,2.19722457733622,4.20469261939097,55,-Inf,0,6,148,293186992
1,"Freitag",0,"February",6.26530121273771,2.30258509299405,2.70805020110221,93,-Inf,0,320,120,139681964
1,"Montag",0,"April",5.90263333340137,2.70805020110221,2.77258872223978,102,-Inf,0,55,122,123132751
1,"Mittwoch",26,"January",6.15697898558556,0.693147180559945,-9.21034037197618,0,-Inf,0,0,144,103762518
2,"Samstag",0,"March",6.06842558824411,2.484906649788,2.07944154167984,14,0.693147180559945,2,33,96,162887075
1,"Montag",0,"April",5.6021188208797,2.484906649788,2.77258872223978,103,-Inf,0,55,137,91221625
1,"Freitag",1,"April",6.70441435496411,1.38629436111989,3.04452243772342,4,-Inf,0,4,121,190490915
2,"Freitag",0,"April",7.06390396147207,-9.21034037197618,3.58351893845611,65,-Inf,0,0,119,96180277
1,"Freitag",4,"August",7.15617663748062,1.79175946922805,3.25809653802148,6,-Inf,0,5,96,185240616
1,"Donnerstag",1,"April",8.79285328864069,3.52636052461616,4.7361984483945,104,2.39789527279837,11,20,111,885093467
2,"Freitag",0,"April",7.27517231945277,1.38629436111989,-9.21034037197618,0,-Inf,0,0,148,104992946
2,"Freitag",0,"February",5.87493073085203,2.30258509299405,1.38629436111989,64,0.693147180559945,2,37,182,147290338
1,"Donnerstag",2,"September",9.22493337427908,3.40119738166216,5.4553211153577,71,2.89037175789616,18,2,141,1302184087
2,"Freitag",1,"December",5.57972982598622,1.79175946922805,2.07944154167984,84,0,1,4,145,158950978
2,"Dienstag",0,"April",5.86078622346587,2.19722457733622,2.77258872223978,90,-Inf,0,64,110,76910644
1,"Dienstag",1,"August",5.06259503302697,1.38629436111989,1.6094379124341,6,0,1,18,134,137123880
1,"Donnerstag",1,"July",8.93761259130621,3.49650756146648,5.19295685089021,90,2.70805020110221,15,55,130,782369383
1,"Freitag",1,"October",8.2829886927426,1.79175946922805,4.95582705760126,23,1.09861228866811,3,16,145,502574952
3,"Sonntag",0,"February",7.40123126441302,2.30258509299405,-9.21034037197618,0,-Inf,0,0,130,207033255
1,"Donnerstag",1,"April",6.82871207164168,2.89037175789616,2.83321334405622,80,2.19722457733622,9,38,173,404887295
1,"Freitag",1,"November",7.59337419312129,3.55534806148941,3.52636052461616,26,1.6094379124341,5,1,92,381161027
1,"Donnerstag",9,"June",8.75447630628417,2.56494935746154,1.09861228866811,1,0,1,37,105,466231982
1,"Donnerstag",2,"November",7.35308192051543,3.17805383034795,2.89037175789616,78,-Inf,0,30,175,357580552
2,"Donnerstag",0,"April",6.77422388635761,1.38629436111989,2.83321334405622,13,-Inf,0,43,120,61105704
2,"Samstag",1,"December",6.00635315960173,1.6094379124341,1.09861228866811,31,0,1,0,139,198275403
1,"Freitag",0,"March",5.82894561761021,2.56494935746154,1.38629436111989,71,0,1,9,132,168448603
2,"Donnerstag",5,"March",8.33997857199043,2.70805020110221,3.40119738166216,70,-Inf,0,27,114,705469769
2,"Donnerstag",0,"May",4.65396035015752,-9.21034037197618,1.6094379124341,9,-Inf,0,0,145,34502215
1,"Freitag",1,"September",7.32909373624659,2.83321334405622,3.97029191355212,120,-Inf,0,2,110,482175240
2,"Donnerstag",1,"December",7.88269220628903,3.40119738166216,3.04452243772342,55,1.09861228866811,3,0,94,304118600
1,"Donnerstag",5,"March",9.31352852977235,1.79175946922805,5.01727983681492,107,0,1,105,134,1449799467
1,"Freitag",0,"March",5.92157841964382,2.94443897916644,1.38629436111989,72,-Inf,0,5,120,173627354
2,"Donnerstag",0,"February",5.29831736654804,1.38629436111989,2.07944154167984,77,0,1,1,123,90025258
2,"Freitag",2,"December",8.22710823434815,2.83321334405622,5.04985600724954,35,2.94443897916644,19,0,131,652704649
1,"Dienstag",21,"January",10.389056904886,3.04452243772342,5.50938833662798,54,0,1,51,171,1829992958
2,"Sonntag",21,"May",8.93787526532926,2.63905732961526,2.89037175789616,51,-Inf,0,0,130,655466831
3,"Donnerstag",0,"March",7.09672137849476,3.52636052461616,2.30258509299405,41,-Inf,0,1,94,146409671
2,"Freitag",0,"April",5.34233425196481,1.38629436111989,1.38629436111989,45,0.693147180559945,2,24,89,95816024
1,"Freitag",0,"March",7.11882624906208,2.19722457733622,2.99573227355399,8,-Inf,0,6,87,117206995
2,"Mittwoch",0,"March",6.4831073514572,1.09861228866811,2.39789527279837,3,0,1,1,124,100409613
2,"Montag",0,"March",7.2991214627108,-9.21034037197618,3.13549421592915,0,-Inf,0,33,78,80758350
2,"Dienstag",1,"November",8.50552538654856,3.25809653802148,5.24702407216049,104,2.89037175789616,18,63,120,325592432
2,"Freitag",0,"March",6.56385552653213,-9.21034037197618,2.07944154167984,1,-Inf,0,0,96,58473276
1,"Samstag",0,"March",6.49223983502047,-9.21034037197618,3.09104245335832,7,-Inf,0,78,106,52722996
1,"Freitag",2,"December",6.19236248947487,2.83321334405622,1.38629436111989,11,0,1,2,170,191945597
2,"Freitag",0,"March",6.00881318544259,-9.21034037197618,2.77258872223978,15,-Inf,0,1,134,77377503
1,"Freitag",1,"May",8.91744473247151,2.07944154167984,5.11198778835654,42,2.77258872223978,16,58,115,743693613
1,"Freitag",1,"December",6.90073066404517,1.38629436111989,3.40119738166216,84,0,1,28,130,267789608
2,"Freitag",3,"March",9.12271062201521,1.6094379124341,5.48063892334199,98,1.09861228866811,3,10,118,1221813483
1,"Freitag",1,"April",8.09620827165004,2.484906649788,4.20469261939097,84,2.77258872223978,16,117,110,449701773
1,"Mittwoch",0,"March",6.39024066706535,-9.21034037197618,3.36729582998647,9,-Inf,0,52,100,67070410
2,"Dienstag",0,"March",5.76832099579377,1.79175946922805,1.6094379124341,48,0,1,9,142,116334601
1,"Freitag",1,"October",7.86787149039632,1.38629436111989,2.94443897916644,29,-Inf,0,0,140,433356509
1,"Freitag",0,"February",7.62070508683826,1.38629436111989,4.39444915467244,27,2.19722457733622,9,444,116,165584767
1,"Freitag",1,"May",7.66293785046154,2.19722457733622,3.61091791264422,88,-Inf,0,14,120,367814306
2,"Freitag",1,"April",7.86249719723055,3.61091791264422,3.3322045101752,57,2.07944154167984,8,85,92,477033549
1,"Mittwoch",1,"October",6.29526600143965,0.693147180559945,3.13549421592915,2,-Inf,0,0,110,156214700
1,"Freitag",1,"January",7.80751004221619,2.99573227355399,2.99573227355399,68,-Inf,0,22,120,448843705
2,"Dienstag",28,"July",9.27087087171621,2.83321334405622,3.04452243772342,0,-Inf,0,2,80,1357608774
2,"Sonntag",1,"November",7.79069603117474,3.25809653802148,3.95124371858143,66,0,1,16,115,294352144
1,"Freitag",9,"November",8.9274468162562,1.94591014905531,3.78418963391826,19,-Inf,0,6,76,972164968
1,"Montag",6,"February",9.25253742067597,1.94591014905531,4.26267987704132,53,-Inf,0,10,172,920045682
1,"Freitag",7,"September",9.6628162843537,2.77258872223978,5.44241771052179,37,-Inf,0,13,99,2420461338
1,"Mittwoch",8,"May",10.1559568692322,1.38629436111989,4.80402104473326,94,-Inf,0,18,136,1947371785
1,"Freitag",4,"May",7.40245152081824,-9.21034037197618,3.29583686600433,27,0,1,1,150,244658767
1,"Freitag",0,"April",3.52636052461616,-9.21034037197618,-9.21034037197618,0,-Inf,0,0,92,68216992
5,"Donnerstag",1,"December",7.52023455647463,2.77258872223978,2.99573227355399,8,0.693147180559945,2,0,95,223582566
3,"Montag",1,"July",8.10198073185319,3.40119738166216,4.27666611901606,64,1.79175946922805,6,3,102,471819764
1,"Freitag",1,"December",7.55538194424027,-9.21034037197618,3.13549421592915,71,-Inf,0,9,145,272377463
1,"Montag",20,"March",9.9090222080346,1.6094379124341,3.66356164612965,0,-Inf,0,0,110,1361425037
2,"Freitag",0,"February",7.33236920592906,-9.21034037197618,3.46573590279973,18,0.693147180559945,2,0,95,149778242
2,"Freitag",0,"March",6.42162226780652,0.693147180559945,3.09104245335832,82,-Inf,0,9,94,116599790
1,"Freitag",1,"December",6.69826805411541,1.38629436111989,2.39789527279837,58,-Inf,0,21,142,148469433
2,"Freitag",1,"August",8.65347080970879,2.30258509299405,4.68213122712422,16,1.09861228866811,3,165,145,497225336
1,"Freitag",0,"March",5.87493073085203,1.38629436111989,1.38629436111989,20,-Inf,0,0,121,88791109
1,"Freitag",0,"March",6.40357419793482,1.79175946922805,3.09104245335832,101,-Inf,0,66,140,125917280
3,"Donnerstag",0,"February",7.08170858610557,-9.21034037197618,3.36729582998647,3,-Inf,0,19,137,105062254
1,"Dienstag",0,"January",6.361302477573,-9.21034037197618,2.39789527279837,54,-Inf,0,103,104,95623148
1,"Freitag",0,"February",7.34794382314869,0.693147180559945,4.11087386417331,6,-Inf,0,150,92,144584800
1,"Donnerstag",1,"December",7.74109909003537,2.99573227355399,3.89182029811063,23,-Inf,0,8,146,298063749
1,"Montag",0,"January",4.89783979995091,1.38629436111989,1.38629436111989,6,-Inf,0,23,120,166570053
1,"Dienstag",0,"January",6.06378520868761,-9.21034037197618,2.70805020110221,17,-Inf,0,0,144,83021468
2,"Samstag",1,"November",4.45434729625351,-9.21034037197618,2.39789527279837,101,-Inf,0,48,94,139836056
1,"Montag",1,"October",6.44413125670044,2.63905732961526,3.46573590279973,3,-Inf,0,0,94,303216294
2,"Donnerstag",1,"December",7.43897159239586,2.70805020110221,3.40119738166216,15,0.693147180559945,2,47,113,221409663
2,"Freitag",0,"March",5.79605775076537,-9.21034037197618,2.63905732961526,35,-Inf,0,0,148,58890931
1,"Freitag",0,"March",7.06304816338817,-9.21034037197618,3.80666248977032,11,-Inf,0,21,98,81419389
1,"Dienstag",1,"May",5.08759633523238,1.79175946922805,0,10,-Inf,0,1,140,156777415
1,"Freitag",1,"December",7.83834331555712,1.79175946922805,4.07753744390572,100,2.56494935746154,13,2,100,284908316
2,"Donnerstag",0,"February",5.95842469302978,2.39789527279837,2.39789527279837,15,1.09861228866811,3,1,140,93438910
1,"Montag",1,"August",6.79346613258001,2.83321334405622,2.99573227355399,119,0.693147180559945,2,7,100,363472647
1,"Samstag",12,"January",8.27103686579295,-9.21034037197618,4.18965474202643,26,1.09861228866811,3,734,100,372476382
2,"Mittwoch",1,"October",8.20111164444276,2.70805020110221,4.77068462446567,34,1.38629436111989,4,19,132,380726517
1,"Freitag",0,"March",5.64190707093811,-9.21034037197618,1.79175946922805,15,-Inf,0,0,142,56533272
1,"Freitag",0,"January",6.78897174299217,3.09104245335832,2.39789527279837,24,0,1,7,176,175399345
1,"Freitag",1,"May",6.87523208727658,1.38629436111989,2.77258872223978,53,-Inf,0,61,140,203221468
1,"Dienstag",23,"October",10.1292277296976,1.79175946922805,4.14313472639153,0,0.693147180559945,2,0,105,1624165576
1,"Donnerstag",1,"December",6.27476202124194,1.38629436111989,2.99573227355399,1,0.693147180559945,2,0,135,134294498
1,"Donnerstag",1,"July",5.48893772615669,-9.21034037197618,2.484906649788,2,-Inf,0,4,128,70069745
2,"Freitag",1,"June",8.57187075270693,2.63905732961526,4.54329478227,21,2.70805020110221,15,38,101,609293408
1,"Freitag",1,"May",7.85941315469358,3.40119738166216,2.99573227355399,64,1.79175946922805,6,0,122,671365962
1,"Donnerstag",1,"September",7.47816969415979,3.52636052461616,2.77258872223978,19,1.09861228866811,3,4,105,362361576
2,"Freitag",1,"December",6.11809719804135,1.38629436111989,1.79175946922805,1,-Inf,0,1,83,93587665
4,"Freitag",2,"September",8.72907355045174,1.94591014905531,4.80402104473326,88,3.04452243772342,21,10,77,1223481149
1,"Freitag",6,"August",8.1886891244442,2.39789527279837,1.94591014905531,0,-Inf,0,2,140,1022258230
2,"Donnerstag",1,"November",7.13409372119287,1.79175946922805,3.25809653802148,69,0.693147180559945,2,6,158,263453310
2,"Freitag",4,"June",8.76374072050946,3.43398720448515,5.17614973257383,109,1.09861228866811,3,5,176,1435127549
2,"Donnerstag",1,"October",6.49223983502047,2.70805020110221,2.94443897916644,59,1.6094379124341,5,52,98,236857112
1,"Freitag",0,"January",7.15695636461564,-9.21034037197618,4.04305126783455,4,-Inf,0,0,107,147538971
1,"Mittwoch",3,"February",8.99764207852351,1.79175946922805,3.80666248977032,115,0,1,221,109,698086140
1,"Freitag",1,"July",7.75448154747038,0.693147180559945,-9.21034037197618,0,-Inf,0,0,109,723894473
1,"Freitag",0,"March",5.31320597904179,-9.21034037197618,1.6094379124341,9,-Inf,0,0,148,34450974
1,"Mittwoch",3,"May",6.52941883826223,2.63905732961526,3.17805383034795,94,-Inf,0,23,158,403097450
2,"Donnerstag",1,"September",7.80791662892641,2.56494935746154,3.97029191355212,7,1.09861228866811,3,1,94,309483971
1,"Mittwoch",1,"October",5.66296048013595,1.79175946922805,2.39789527279837,80,-Inf,0,8,96,319566866
1,"Freitag",1,"May",8.4277060249147,3.49650756146648,4.30406509320417,113,2.19722457733622,9,2,100,909001996
2,"Freitag",2,"September",8.72046051272565,2.56494935746154,-9.21034037197618,0,-Inf,0,0,105,1061966512
1,"Freitag",0,"March",5.11198778835654,-9.21034037197618,0.693147180559945,10,-Inf,0,0,125,32526947
1,"Freitag",0,"January",7.51643330291563,-9.21034037197618,4.65396035015752,41,0,1,59,170,124988687
3,"Freitag",0,"January",7.54433210805369,-9.21034037197618,4.45434729625351,1,-Inf,0,9,115,103787664
1,"Freitag",0,"January",7.64873978895624,2.77258872223978,4.47733681447821,24,1.94591014905531,7,451,122,134255790
1,"Montag",1,"October",6.63463335786169,2.484906649788,3.13549421592915,95,-Inf,0,3,105,301051721
1,"Mittwoch",1,"November",7.11069612297883,-9.21034037197618,3.29583686600433,0,2.56494935746154,13,0,133,156338624
2,"Freitag",0,"January",6.0282785202307,0.693147180559945,2.70805020110221,40,0,1,15,100,152850295
1,"Freitag",1,"October",8.15162164696975,-9.21034037197618,4.26267987704132,95,-Inf,0,2,120,309653982
1,"Freitag",1,"October",8.10500553754725,-9.21034037197618,4.85981240436167,31,0,1,41,177,297328960
1,"Donnerstag",1,"September",7.86940171257709,-9.21034037197618,4.72738781871234,17,-Inf,0,192,142,332506354
1,"Freitag",7,"November",8.00836557031292,2.77258872223978,3.85014760171006,60,2.484906649788,12,124,144,480507035
2,"Freitag",4,"April",8.35702443926342,-9.21034037197618,4.72738781871234,92,-Inf,0,1,120,1065580332
1,"Dienstag",7,"September",6.1779441140506,-9.21034037197618,2.19722457733622,1,1.38629436111989,4,3,135,122763672
1,"Mittwoch",1,"February",8.29729437026692,2.30258509299405,4.67282883446191,44,3.09104245335832,22,2,107,445763624
6,"Donnerstag",1,"December",4.92725368515721,1.38629436111989,2.56494935746154,78,-Inf,0,0,105,1365184
2,"Freitag",1,"November",7.2211050981825,-9.21034037197618,2.484906649788,1,-Inf,0,8,108,184308753
1,"Donnerstag",8,"January",9.78987082574916,1.38629436111989,4.23410650459726,76,-Inf,0,2,147,789753877
3,"Sonntag",1,"November",6.7900972355139,2.99573227355399,2.39789527279837,78,-Inf,0,21,115,323358833
2,"Donnerstag",1,"April",8.4755375161474,2.19722457733622,4.82028156560504,66,2.56494935746154,13,1,174,606361689
3,"Donnerstag",0,"January",6.48920493132532,1.79175946922805,3.49650756146648,7,0.693147180559945,2,0,90,120972253
1,"Donnerstag",1,"July",8.00936307663004,0.693147180559945,4.21950770517611,89,-Inf,0,25,141,338564981
1,"Mittwoch",9,"January",9.76949891253281,1.09861228866811,4.91265488573605,24,-Inf,0,30,82,1606986953
1,"Freitag",3,"March",8.72745411689943,1.94591014905531,4.40671924726425,1,-Inf,0,2,92,1301799902
6,"Montag",1,"December",4.86753445045558,1.38629436111989,3.04452243772342,79,-Inf,0,0,116,140187018
2,"Freitag",6,"June",10.2293681813014,2.30258509299405,6.28599809450886,122,1.79175946922805,6,2,124,1897517891
1,"Freitag",0,"January",5.88332238848828,-9.21034037197618,2.484906649788,56,-Inf,0,13,125,107642809
1,"Freitag",1,"August",7.58222919427646,2.77258872223978,4.04305126783455,119,0,1,13,90,551305895
3,"Mittwoch",1,"April",8.61086566727887,2.63905732961526,4.85203026391962,84,-Inf,0,35,83,556585270
1,"Donnerstag",4,"October",10.2079898682182,-9.21034037197618,6.27664348934164,77,1.09861228866811,3,8,124,2303033973
1,"Freitag",9,"August",7.48211892355212,2.63905732961526,0,9,-Inf,0,0,140,646886885
2,"Freitag",1,"September",7.29505641646263,1.38629436111989,3.29583686600433,64,0,1,4,154,222612678
2,"Freitag",2,"July",9.49664649824803,-9.21034037197618,5.7037824746562,47,-Inf,0,2,150,1814349763
1,"Freitag",3,"January",8.30819906320645,2.07944154167984,4.35670882668959,21,0,1,52,186,872137015
1,"Mittwoch",8,"April",8.021256180144,1.79175946922805,3.76120011569356,53,0,1,32,166,571386359
2,"Donnerstag",1,"September",8.00836557031292,2.484906649788,3.98898404656427,32,0.693147180559945,2,0,107,304079786
3,"Freitag",1,"September",6.74758652682932,-9.21034037197618,2.63905732961526,1,-Inf,0,0,87,174006928
1,"Freitag",1,"August",7.67925142595306,2.70805020110221,4.27666611901606,97,-Inf,0,154,82,284785823
1,"Freitag",1,"December",7.30249642372733,-9.21034037197618,3.09104245335832,51,-Inf,0,0,114,163284000
1,"Freitag",1,"November",7.44014668066269,-9.21034037197618,3.63758615972639,45,2.77258872223978,16,0,148,246390068
1,"Mittwoch",1,"July",8.3354314778808,3.78418963391826,4.04305126783455,44,0,1,11,140,482257456
1,"Montag",1,"October",6.96034772910131,-9.21034037197618,2.19722457733622,0,-Inf,0,1,101,168684524
3,"Montag",1,"January",7.95472333449791,-9.21034037197618,3.66356164612965,45,-Inf,0,1,140,78489819
3,"Freitag",1,"December",7.3790081276283,-9.21034037197618,2.484906649788,22,-Inf,0,2,88,195516622
1,"Freitag",2,"June",9.17409123930106,3.3322045101752,4.78749174278205,86,1.38629436111989,4,0,180,1260594497
1,"Freitag",1,"August",8.48198043566049,-9.21034037197618,4.64439089914137,17,2.19722457733622,9,2,133,428685680
1,"Montag",38,"September",9.99016970867185,-9.21034037197618,4.76217393479776,1,1.09861228866811,3,0,108,1024858327
1,"Freitag",50,"January",5.12396397940326,-9.21034037197618,-9.21034037197618,0,-Inf,0,0,80,838586769
1,"Donnerstag",1,"August",6.53378883793334,-9.21034037197618,2.63905732961526,1,-Inf,0,2,75,199386237
2,"Freitag",2,"July",9.26530193005016,3.78418963391826,5.47227067367148,122,2.83321334405622,17,58,121,972509632
2,"Mittwoch",1,"September",7.38523092306657,-9.21034037197618,3.52636052461616,54,-Inf,0,2,140,213438580
1,"Donnerstag",3,"September",9.45367863057591,2.07944154167984,5.8406416573734,97,2.70805020110221,15,2,126,1555511105
1,"Mittwoch",1,"October",6.35262939631957,1.38629436111989,3.63758615972639,101,-Inf,0,0,102,210038833
1,"Freitag",1,"April",7.82364593083495,-9.21034037197618,4.24849524204936,0,-Inf,0,0,82,227918678
1,"Donnerstag",3,"December",9.25205796532805,0.693147180559945,4.89034912822175,109,0,1,10,121,826623384
2,"Freitag",3,"March",9.67369695850013,2.07944154167984,5.28826703069454,13,-Inf,0,60,103,1802514301
1,"Freitag",2,"June",9.15101490589137,-9.21034037197618,5.30826769740121,50,1.38629436111989,4,2,108,1329090101
1,"Mittwoch",1,"September",6.5694814204143,1.94591014905531,0.693147180559945,4,-Inf,0,0,85,181831132
2,"Montag",1,"March",8.95647984799991,3.3322045101752,5.15329159449778,79,-Inf,0,168,125,462791599
1,"Freitag",1,"October",7.83873755959928,0.693147180559945,2.07944154167984,18,-Inf,0,1,120,348647203
3,"Sonntag",1,"July",5.67675380226828,1.79175946922805,3.25809653802148,98,-Inf,0,0,94,366599607
3,"Mittwoch",93,"January",5.77765232322266,-9.21034037197618,1.38629436111989,0,-Inf,0,0,130,90598517
2,"Sonntag",11,"January",9.5569750810205,1.38629436111989,4.02535169073515,38,0,1,2,110,1479264469
1,"Freitag",29,"October",10.1524158028241,-9.21034037197618,5.95842469302978,132,-Inf,0,2,150,1449779435
1,"Sonntag",39,"January",10.0057282064827,-9.21034037197618,5.61312810638807,111,-Inf,0,2,107,1159176109
1,"Mittwoch",65,"January",9.61540540006301,-9.21034037197618,5.25227342804663,168,-Inf,0,2,140,769213520
1,"Dienstag",66,"January",9.24242026543959,-9.21034037197618,5.10594547390058,99,-Inf,0,2,119,741301563
1,"Freitag",12,"October",9.42165422753681,-9.21034037197618,3.55534806148941,0,-Inf,0,0,93,807561936
1,"Freitag",10,"December",9.14931567013841,-9.21034037197618,5.44241771052179,106,-Inf,0,2,133,834129063
1,"Montag",60,"October",9.09144421703233,-9.21034037197618,5.2040066870768,107,-Inf,0,1,202,663832097
1,"Montag",64,"November",8.78140190768238,-9.21034037197618,4.47733681447821,1,-Inf,0,0,134,446390129
1,"Sonntag",6,"January",8.54480835844921,-9.21034037197618,4.44265125649032,110,-Inf,0,2,105,690104769
1,"Freitag",10,"October",8.79421868367949,-9.21034037197618,4.969813299576,99,-Inf,0,0,160,485285717
1,"Sonntag",53,"November",8.23959345430597,-9.21034037197618,3.04452243772342,3,-Inf,0,0,148,520034544
1,"Freitag",12,"October",8.94311430809178,-9.21034037197618,1.6094379124341,0,-Inf,0,0,151,476244795
1,"Samstag",12,"January",9.16711966952162,-9.21034037197618,5.27299955856375,111,-Inf,0,0,162,629173063
1,"Freitag",60,"November",9.22167588163993,-9.21034037197618,4.7361984483945,74,-Inf,0,0,92,404664135
1,"Freitag",1,"December",6.91473089271856,-9.21034037197618,1.6094379124341,31,-Inf,0,0,152,98709329
1,"Freitag",1,"December",7.02731451403978,-9.21034037197618,2.77258872223978,63,-Inf,0,0,65,110849052
4,"Mittwoch",52,"December",9.28998299962838,-9.21034037197618,4.86753445045558,1,-Inf,0,0,147,460492795
2,"Donnerstag",1,"December",6.94889722231331,-9.21034037197618,1.94591014905531,29,-Inf,0,0,150,94005786
1,"Dienstag",71,"January",8.97840831462889,-9.21034037197618,4.68213122712422,120,-Inf,0,0,140,395591396
1,"Freitag",77,"November",9.35010231435134,-9.21034037197618,4.9416424226093,72,-Inf,0,0,139,389771964
1,"Freitag",44,"November",7.42952084278646,-9.21034037197618,0,0,-Inf,0,0,95,403939487
1,"Sonntag",39,"November",9.55881175856423,-9.21034037197618,5.34233425196481,30,-Inf,0,0,115,481697415
2,"Freitag",1,"December",7.39878627541995,-9.21034037197618,2.77258872223978,20,-Inf,0,0,125,110073250
1,"Freitag",1,"December",6.80903930604298,-9.21034037197618,1.79175946922805,21,-Inf,0,0,76,88092256
1,"Sonntag",39,"January",6.99117688712121,-9.21034037197618,4.49980967033027,35,-Inf,0,0,101,351636786
2,"Sonntag",73,"January",9.26719318356897,-9.21034037197618,4.83628190695148,108,-Inf,0,0,143,473248298
1,"Freitag",1,"December",6.71780469502369,-9.21034037197618,1.79175946922805,18,-Inf,0,0,119,73981293
2,"Donnerstag",1,"December",7.25841215059531,1.38629436111989,2.56494935746154,87,-Inf,0,46,78,155653938
3,"Donnerstag",81,"January",9.38764938694659,-9.21034037197618,4.29045944114839,79,-Inf,0,0,96,395591396
1,"Mittwoch",37,"January",6.78897174299217,-9.21034037197618,3.91202300542815,0,-Inf,0,0,180,429504768
1,"Freitag",60,"November",9.11844435727165,-9.21034037197618,4.79579054559674,58,-Inf,0,0,126,242767149
1,"Freitag",1,"December",6.79346613258001,-9.21034037197618,1.09861228866811,17,-Inf,0,0,150,65362788
1,"Freitag",1,"December",6.89669433162271,-9.21034037197618,1.6094379124341,9,-Inf,0,0,90,67540165
1,"Freitag",1,"December",6.70808408385307,-9.21034037197618,2.63905732961526,22,-Inf,0,0,160,62019074
2,"Freitag",6,"November",7.70029520342012,-9.21034037197618,4.27666611901606,90,-Inf,0,0,114,135723538
3,"Mittwoch",65,"January",8.74671634969449,-9.21034037197618,4.48863636973214,39,-Inf,0,0,113,295998468
1,"Dienstag",23,"November",8.84678466694523,-9.21034037197618,4.74493212836325,53,-Inf,0,0,147,261116938
2,"Freitag",1,"November",5.74620319054015,0.693147180559945,2.30258509299405,6,0,1,9,100,136689549
1,"Freitag",1,"December",5.8664680569333,0.693147180559945,0.693147180559945,74,-Inf,0,2,155,135611421
1,"Freitag",2,"December",8.31727776622123,-9.21034037197618,4.18965474202643,96,-Inf,0,0,107,356709897
2,"Freitag",1,"December",6.77992190747225,-9.21034037197618,1.09861228866811,7,-Inf,0,0,112,110649992
1,"Montag",1,"October",6.35088571671474,-9.21034037197618,0,0,-Inf,0,24,166,301869854
1,"Donnerstag",64,"January",8.10137467122858,-9.21034037197618,4.17438726989564,39,-Inf,0,0,107,127027715
1,"Freitag",1,"December",6.69826805411541,-9.21034037197618,1.79175946922805,11,-Inf,0,0,81,57144458
1,"Freitag",1,"December",6.80128303447162,-9.21034037197618,0.693147180559945,14,-Inf,0,0,150,56870689
2,"Freitag",1,"October",7.78945456608667,-9.21034037197618,3.49650756146648,57,-Inf,0,11,110,323437194
1,"Freitag",1,"October",7.74240202181578,-9.21034037197618,2.484906649788,16,-Inf,0,0,108,317726339
4,"Mittwoch",1,"September",6.91075078796194,-9.21034037197618,3.04452243772342,0,-Inf,0,0,130,116144341
1,"Freitag",1,"October",7.900636613018,-9.21034037197618,3.66356164612965,35,0.693147180559945,2,0,164,328207708
2,"Freitag",1,"May",7.81681996576455,2.99573227355399,3.29583686600433,77,0.693147180559945,2,0,114,608228647
2,"Dienstag",18,"September",7.85438121065236,-9.21034037197618,4.68213122712422,56,-Inf,0,0,93,180577478
2,"Freitag",2,"June",8.82776136765472,3.52636052461616,4.4188406077966,58,1.94591014905531,7,0,90,809306935
1,"Donnerstag",1,"December",6.57088296233958,-9.21034037197618,-9.21034037197618,9,-Inf,0,0,128,49262961
2,"Freitag",1,"May",8.06620756800626,1.38629436111989,3.63758615972639,64,1.09861228866811,3,36,97,614555082
1,"Mittwoch",65,"January",9.06091185848425,-9.21034037197618,4.78749174278205,30,-Inf,0,1,152,245350949
1,"Dienstag",66,"January",8.372398606513,-9.21034037197618,3.46573590279973,3,-Inf,0,0,175,178660459
1,"Freitag",1,"December",6.52209279817015,-9.21034037197618,0.693147180559945,15,-Inf,0,0,116,51641685
2,"Freitag",1,"December",5.98645200528444,-9.21034037197618,0.693147180559945,2,-Inf,0,2,80,78139948
2,"Donnerstag",1,"August",8.1101268019411,2.56494935746154,3.66356164612965,50,1.09861228866811,3,1,93,322336177
1,"Freitag",2,"August",8.88391747120797,-9.21034037197618,5.13579843705026,12,2.89037175789616,18,2,122,1007612429
1,"Freitag",1,"January",8.39840965542627,-9.21034037197618,4.39444915467244,77,-Inf,0,2,122,326792833
1,"Freitag",1,"January",7.96589273508453,1.79175946922805,2.56494935746154,89,-Inf,0,3,135,391251368
3,"Mittwoch",1,"January",7.71199650704767,-9.21034037197618,4.17438726989564,7,2.77258872223978,16,6,109,349585590
1,"Freitag",1,"January",8.2190566610606,-9.21034037197618,3.89182029811063,88,-Inf,0,2,93,339659802
2,"Freitag",2,"August",9.42569365781533,-9.21034037197618,5.20948615284142,63,-Inf,0,11,125,674772936
7,"Freitag",2,"November",7.93200315236138,-9.21034037197618,4.55387689160054,89,-Inf,0,2,206,432719968
1,"Donnerstag",2,"June",9.55492249156078,2.83321334405622,5.52942908751142,109,2.99573227355399,20,2,130,1309887447
1,"Freitag",1,"January",7.55747290161475,-9.21034037197618,1.94591014905531,47,-Inf,0,0,121,119238316
1,"Freitag",1,"January",7.7393592026891,-9.21034037197618,2.39789527279837,29,-Inf,0,0,123,116903579
1,"Freitag",6,"June",8.38366179879172,-9.21034037197618,3.17805383034795,0,-Inf,0,0,122,888046992
1,"Freitag",1,"January",7.9373746961633,-9.21034037197618,2.89037175789616,77,-Inf,0,1,143,200660871
1,"Freitag",2,"August",7.86211221166275,-9.21034037197618,2.83321334405622,80,-Inf,0,0,121,130655803
1,"Freitag",2,"May",9.65265158120501,1.79175946922805,5.55682806169954,55,0,1,2,166,1887039593
3,"Freitag",1,"January",7.25841215059531,-9.21034037197618,1.94591014905531,18,-Inf,0,0,135,88103848
1,"Freitag",1,"January",7.16394668434255,-9.21034037197618,1.09861228866811,18,-Inf,0,0,87,101114984
2,"Freitag",2,"April",9.67199675973409,-9.21034037197618,5.94542060860658,65,-Inf,0,12,111,1575467011
2,"Freitag",1,"January",7.07157336421153,-9.21034037197618,2.19722457733622,10,-Inf,0,0,110,91656026
1,"Freitag",2,"June",8.80567494403858,-9.21034037197618,4.8283137373023,36,-Inf,0,2,130,1042568408
1,"Freitag",3,"September",9.41970948986855,-9.21034037197618,5.61677109766657,19,-Inf,0,2,179,1735441776
1,"Freitag",4,"July",8.6427680143243,0.693147180559945,4.30406509320417,0,2.63905732961526,14,2,93,726837877
1,"Freitag",1,"January",6.69826805411541,-9.21034037197618,0,8,-Inf,0,0,78,53933526
1,"Freitag",2,"November",7.47079377419506,-9.21034037197618,3.63758615972639,48,-Inf,0,0,180,267758538
1,"Freitag",1,"January",6.92165818415113,-9.21034037197618,0,17,-Inf,0,0,86,74601456
1,"Freitag",2,"September",8.98256109225744,-9.21034037197618,5.15329159449778,7,-Inf,0,4,88,920797189
2,"Freitag",2,"November",8.47031120551611,-9.21034037197618,4.21950770517611,18,-Inf,0,1,97,539595276
1,"Freitag",6,"December",9.05473863988161,-9.21034037197618,5.20948615284142,64,2.19722457733622,9,75,134,1367810478
2,"Montag",3,"September",8.0774471493312,0.693147180559945,4.20469261939097,13,-Inf,0,40,116,578207856
3,"Dienstag",2,"October",8.13827263853019,3.25809653802148,4.11087386417331,65,1.79175946922805,6,0,170,775542072
1,"Freitag",2,"September",7.85010354517558,2.56494935746154,3.78418963391826,109,-Inf,0,2,140,863625566
2,"Donnerstag",2,"November",9.12161844191538,1.79175946922805,5.48063892334199,107,-Inf,0,5,118,656013912
1,"Freitag",2,"July",9.04499391938819,-9.21034037197618,4.92725368515721,133,-Inf,0,2,65,1056760045
2,"Freitag",2,"October",8.9219914105367,2.83321334405622,4.7361984483945,172,0.693147180559945,2,2,120,611994237
2,"Freitag",2,"May",8.56731580081945,1.79175946922805,4.44265125649032,43,-Inf,0,2,176,1230855859
1,"Freitag",2,"September",7.49276030092238,-9.21034037197618,3.52636052461616,23,-Inf,0,2,180,582981380
1,"Freitag",2,"January",9.44817547203338,1.09861228866811,5.22035582507832,61,-Inf,0,2,144,1858144199
3,"Dienstag",2,"November",6.47389069635227,0,2.63905732961526,3,-Inf,0,0,133,240684449
1,"Freitag",2,"November",8.44139147799996,1.6094379124341,3.91202300542815,49,0,1,2,93,583687007
1,"Freitag",1,"January",7.07665381544395,-9.21034037197618,0,5,-Inf,0,0,122,63803529
1,"Freitag",2,"November",8.39638057119949,-9.21034037197618,4.65396035015752,7,-Inf,0,0,88,466214729
4,"Mittwoch",1,"January",6.63200177739563,1.09861228866811,3.46573590279973,0,-Inf,0,0,170,236940480
1,"Freitag",1,"January",6.59714570188665,-9.21034037197618,-9.21034037197618,2,-Inf,0,0,94,41924466
1,"Donnerstag",2,"November",7.9355873855892,-9.21034037197618,3.80666248977032,0,-Inf,0,0,170,225259194
3,"Mittwoch",2,"October",7.93020620668468,0.693147180559945,3.98898404656427,21,0,1,0,90,393230256
1,"Mittwoch",2,"December",7.57558465155779,-9.21034037197618,4.02535169073515,8,-Inf,0,10,78,287201015
1,"Freitag",5,"March",8.28071107566285,2.484906649788,3.49650756146648,102,-Inf,0,30,94,599770206
1,"Samstag",2,"October",7.84424071814181,-9.21034037197618,3.95124371858143,15,-Inf,0,1,73,342779426
2,"Dienstag",2,"August",8.58951385299586,2.30258509299405,4.92725368515721,24,-Inf,0,1,176,673801126
1,"Montag",3,"November",9.39057642227912,2.07944154167984,5.23644196282995,75,1.79175946922805,6,16,128,1168642797
3,"Freitag",4,"August",7.8995244720322,-9.21034037197618,3.73766961828337,2,-Inf,0,2,120,540539717
3,"Freitag",2,"November",8.50976567558744,-9.21034037197618,4.14313472639153,40,-Inf,0,0,82,383550148
3,"Freitag",3,"March",8.81492459972102,-9.21034037197618,3.85014760171006,14,-Inf,0,1,95,530511203
1,"Freitag",1,"January",6.57228254269401,-9.21034037197618,-9.21034037197618,1,-Inf,0,0,118,37307967
1,"Freitag",2,"October",8.02191277898571,2.19722457733622,4.34380542185368,31,1.6094379124341,5,28,123,510876816
3,"Freitag",2,"March",9.55676293945056,-9.21034037197618,5.44241771052179,52,1.79175946922805,6,2,90,1445941661
2,"Freitag",3,"October",9.32500744695431,3.04452243772342,5.24174701505964,166,2.19722457733622,9,25,110,1763363713
2,"Mittwoch",2,"December",7.42535788702715,2.484906649788,2.99573227355399,4,0,1,3,96,374191487
1,"Sonntag",1,"January",7.6182510978767,-9.21034037197618,3.71357206670431,122,-Inf,0,2,88,108809090
3,"Mittwoch",2,"September",7.93020620668468,0.693147180559945,4.45434729625351,76,-Inf,0,16,98,436695353
3,"Freitag",2,"September",8.3165447179294,-9.21034037197618,4.65396035015752,2,2.56494935746154,13,1,110,421040617
1,"Freitag",3,"July",7.96137020171951,-9.21034037197618,3.76120011569356,15,-Inf,0,2,80,501541661
3,"Donnerstag",2,"September",8.20056279700856,-9.21034037197618,4.23410650459726,3,-Inf,0,3,110,354065229
1,"Freitag",2,"May",8.47198659857816,1.79175946922805,5.19295685089021,135,-Inf,0,5,110,1143647827
3,"Freitag",1,"January",8.16536363247398,-9.21034037197618,3.98898404656427,28,-Inf,0,0,78,311395144
2,"Donnerstag",2,"June",8.53168763756669,-9.21034037197618,4.4188406077966,9,-Inf,0,4,129,672656250
1,"Donnerstag",2,"April",8.92864037120195,1.38629436111989,4.76217393479776,39,-Inf,0,46,181,1256880657
1,"Freitag",3,"August",9.05111014640562,1.6094379124341,5.47646355193151,163,-Inf,0,2,114,1692897992
1,"Freitag",2,"November",7.99934295271328,-9.21034037197618,3.78418963391826,0,-Inf,0,0,144,245095641
2,"Freitag",4,"January",8.95299349932047,0.693147180559945,4.70048036579242,145,-Inf,0,46,101,686734357
2,"Donnerstag",2,"October",6.96318998587024,-9.21034037197618,2.83321334405622,5,-Inf,0,0,84,261414174
3,"Donnerstag",2,"July",8.09315669772264,2.94443897916644,4.61512051684126,34,0,1,2,154,610045621
3,"Freitag",2,"March",9.5761633448119,-9.21034037197618,5.46806014113513,123,-Inf,0,10,148,1115880852
3,"Freitag",2,"September",8.55622157838371,-9.21034037197618,3.80666248977032,43,-Inf,0,3,146,594482982
2,"Sonntag",2,"August",8.70383871969025,-9.21034037197618,5.14166355650266,51,0,1,21,120,566954746
2,"Donnerstag",2,"November",8.4424696452203,1.09861228866811,4.39444915467244,93,1.79175946922805,6,4,136,374706940
3,"Freitag",2,"November",7.0475172213573,-9.21034037197618,2.99573227355399,38,-Inf,0,0,141,184937148
1,"Freitag",1,"January",6.64378973314767,-9.21034037197618,0,1,-Inf,0,0,108,31959571
1,"Freitag",2,"November",6.82979373751242,-9.21034037197618,3.17805383034795,47,-Inf,0,0,94,167076418
1,"Sonntag",8,"May",8.00836557031292,1.09861228866811,3.13549421592915,21,-Inf,0,13,180,824420218
1,"Mittwoch",2,"September",8.03851202097681,-9.21034037197618,4.70953020131233,5,0,1,0,122,363467642
1,"Freitag",8,"October",9.18717409394434,1.38629436111989,3.73766961828337,70,-Inf,0,3,85,1127468248
2,"Freitag",1,"January",6.69332366826995,-9.21034037197618,1.09861228866811,0,-Inf,0,0,148,60680939
1,"Mittwoch",2,"December",6.25575004175337,0,2.83321334405622,89,-Inf,0,0,120,247737946
2,"Freitag",3,"July",9.46141032593123,-9.21034037197618,5.46806014113513,27,-Inf,0,2,91,1699402402
2,"Freitag",2,"November",6.68710860786651,-9.21034037197618,2.56494935746154,27,-Inf,0,0,120,154797871
1,"Mittwoch",2,"November",6.59441345974978,-9.21034037197618,2.63905732961526,14,-Inf,0,4,106,198883004
1,"Freitag",1,"January",6.66949808985788,-9.21034037197618,2.56494935746154,0,0,1,0,110,124407432
1,"Freitag",2,"May",8.02910705461974,1.38629436111989,3.2188758248682,46,-Inf,0,45,169,850608354
1,"Sonntag",2,"August",8.4448375292241,-9.21034037197618,3.17805383034795,6,-Inf,0,0,118,376333030
1,"Freitag",2,"June",8.51699317141357,-9.21034037197618,3.76120011569356,19,2.484906649788,12,0,92,516784627
1,"Freitag",4,"November",9.02725852623582,3.17805383034795,5.32300997913841,130,-Inf,0,25,112,1608045237
1,"Freitag",3,"December",8.10076824307173,1.09861228866811,3.2188758248682,3,-Inf,0,1,140,506778838
1,"Montag",13,"November",10.4824576880337,1.79175946922805,5.27299955856375,125,0.693147180559945,2,78,105,1472799873
1,"Donnerstag",2,"July",8.16223106548118,2.30258509299405,4.63472898822964,76,0,1,1,178,513643924
2,"Donnerstag",2,"December",8.00603417874901,-9.21034037197618,4.0943445622221,17,-Inf,0,22,108,261286503
1,"Freitag",2,"May",8.21093973337902,-9.21034037197618,2.99573227355399,21,-Inf,0,7,173,783706581
3,"Freitag",2,"May",8.48590890137647,2.30258509299405,3.98898404656427,16,-Inf,0,13,101,422691058
1,"Mittwoch",3,"January",9.56878375131088,-9.21034037197618,5.54126354515843,32,-Inf,0,14,120,1062345656
1,"Freitag",3,"October",9.01274272762971,-9.21034037197618,5.16478597392351,55,-Inf,0,2,144,1252563873
1,"Freitag",2,"March",8.49146504284351,-9.21034037197618,4.17438726989564,88,1.09861228866811,3,13,133,851070493
2,"Freitag",2,"October",6.64898455002478,-9.21034037197618,1.94591014905531,3,-Inf,0,0,158,263894529
1,"Freitag",2,"October",7.0475172213573,-9.21034037197618,2.99573227355399,99,-Inf,0,2,120,345903614
1,"Freitag",3,"February",8.59378379357795,1.38629436111989,4.70953020131233,127,-Inf,0,37,129,951637566
2,"Freitag",7,"November",8.90517298518338,-9.21034037197618,4.52178857704904,127,-Inf,0,62,102,956865266
4,"Freitag",2,"August",8.8378263640077,-9.21034037197618,4.80402104473326,11,-Inf,0,1,124,427486004
1,"Mittwoch",7,"April",7.58375630070711,-9.21034037197618,1.38629436111989,2,-Inf,0,0,90,156658366
1,"Mittwoch",2,"April",7.70796153183549,-9.21034037197618,3.36729582998647,0,-Inf,0,0,161,624515457
1,"Donnerstag",6,"March",8.34379173199684,-9.21034037197618,3.66356164612965,45,-Inf,0,0,120,777765388
1,"Mittwoch",2,"July",7.58018941794454,-9.21034037197618,2.94443897916644,0,-Inf,0,0,81,412795151
1,"Dienstag",4,"January",8.88058552310249,-9.21034037197618,4.98360662170834,18,-Inf,0,7,150,1138474110
2,"Donnerstag",2,"September",7.60688453121963,-9.21034037197618,4.61512051684126,12,-Inf,0,0,105,355219175
1,"Dienstag",2,"August",7.09920174355309,0.693147180559945,3.40119738166216,2,-Inf,0,6,79,290228626
1,"Montag",13,"October",8.86911686592948,0.693147180559945,1.6094379124341,0,-Inf,0,0,146,1062956628
1,"Freitag",3,"April",8.80056599227992,-9.21034037197618,5.11799381241676,19,-Inf,0,1,124,1180094974
1,"Mittwoch",9,"January",9.76157830635344,2.07944154167984,4.52178857704904,122,-Inf,0,55,126,1456081449
1,"Freitag",2,"August",8.76280248744611,-9.21034037197618,5.15905529921453,73,-Inf,0,0,121,432702334
3,"Freitag",2,"September",8.60904284504612,-9.21034037197618,4.969813299576,30,-Inf,0,0,136,489945871
1,"Freitag",2,"June",7.8770178956224,1.09861228866811,3.58351893845611,82,-Inf,0,5,102,465959382
3,"Mittwoch",2,"October",6.71417052990947,-9.21034037197618,2.07944154167984,8,0.693147180559945,2,0,77,1223481149
1,"Freitag",4,"May",10.1076113700131,-9.21034037197618,6.27852142416584,167,1.79175946922805,6,2,98,2864791672
1,"Donnerstag",6,"June",9.5989305628595,-9.21034037197618,5.23644196282995,34,-Inf,0,5,84,2288695111
2,"Donnerstag",2,"January",8.99801311309582,-9.21034037197618,4.52178857704904,34,-Inf,0,0,102,720825549
1,"Donnerstag",10,"August",10.2117440132235,-9.21034037197618,5.73009978297357,118,0.693147180559945,2,77,120,2086124197
1,"Dienstag",32,"September",10.8195982682083,2.19722457733622,5.57972982598622,121,1.38629436111989,4,160,117,1690192927
1,"Donnerstag",4,"March",8.80177044891454,-9.21034037197618,4.67282883446191,47,0,1,2,72,991336132
2,"Freitag",2,"September",8.59470963384407,1.79175946922805,4.77068462446567,116,-Inf,0,3,168,593917618
2,"Donnerstag",2,"November",6.62671774924902,1.38629436111989,3.09104245335832,3,-Inf,0,0,94,200972675
1,"Montag",1,"January",5.53733426701854,-9.21034037197618,-9.21034037197618,4,-Inf,0,0,145,71014967
2,"Freitag",2,"August",8.74957394808293,1.6094379124341,4.7361984483945,15,-Inf,0,2,134,560222750
1,"Dienstag",20,"September",10.8585950698419,2.70805020110221,5.72358510195238,99,0.693147180559945,2,120,148,1806617704
1,"Montag",1,"January",5.50533153593236,-9.21034037197618,0.693147180559945,12,-Inf,0,0,127,77337771
3,"Donnerstag",2,"June",8.78813593986372,-9.21034037197618,4.53259949315326,5,0,1,0,172,528544703
1,"Donnerstag",4,"November",8.65312170864048,-9.21034037197618,4.44265125649032,87,-Inf,0,12,90,865640097
2,"Donnerstag",5,"September",9.7193243008628,2.484906649788,5.90808293816893,155,1.79175946922805,6,121,96,2159346687
1,"Montag",1,"January",6.13339804299665,-9.21034037197618,2.30258509299405,56,-Inf,0,0,138,211372494
2,"Mittwoch",2,"April",8.49556089128912,1.38629436111989,4.96284463025991,24,-Inf,0,70,120,651732901
1,"Freitag",2,"July",7.49609734517596,0.693147180559945,4.34380542185368,134,-Inf,0,2,125,608334048
4,"Freitag",2,"January",9.39623885726048,-9.21034037197618,5.34233425196481,54,-Inf,0,18,123,863756573
1,"Freitag",2,"April",8.46189187563115,-9.21034037197618,4.94875989037817,12,-Inf,0,0,81,797402345
2,"Sonntag",21,"May",10.0398960523157,-9.21034037197618,4.35670882668959,46,0,1,0,171,1695712020
1,"Freitag",4,"September",9.20773698610607,0.693147180559945,5.605802066296,67,0,1,19,91,1759567999
8,"Donnerstag",2,"August",7.35244110024358,-9.21034037197618,4.27666611901606,0,-Inf,0,0,84,223319934
2,"Freitag",1,"January",6.42971947803914,-9.21034037197618,2.83321334405622,3,-Inf,0,0,115,54937991
2,"Mittwoch",2,"December",8.0925452638913,-9.21034037197618,4.48863636973214,21,-Inf,0,0,125,226897599
2,"Donnerstag",2,"October",6.36302810354046,-9.21034037197618,3.17805383034795,92,-Inf,0,0,122,258316038
2,"Donnerstag",2,"April",8.13329386122263,2.77258872223978,4.11087386417331,23,0,1,0,92,596152090
3,"Donnerstag",2,"November",6.80572255341699,-9.21034037197618,3.40119738166216,26,-Inf,0,0,90,177129919
2,"Donnerstag",1,"February",8.82600054548297,3.3322045101752,5.01727983681492,102,1.6094379124341,5,29,94,716591492
2,"Freitag",24,"January",10.4331153032647,-9.21034037197618,4.94875989037817,78,0,1,0,93,1210599487
1,"Freitag",1,"February",6.38012253689976,1.6094379124341,1.38629436111989,113,-Inf,0,1,130,246376690
1,"Freitag",1,"February",8.2337687092171,-9.21034037197618,4.33073334028633,0,-Inf,0,2,180,496311364
2,"Freitag",1,"February",7.26542972325395,-9.21034037197618,3.8286413964891,1,-Inf,0,0,134,146789379
2,"Freitag",24,"January",10.3660258856706,-9.21034037197618,4.95582705760126,40,0,1,953,95,843309044
1,"Mittwoch",1,"January",8.30622521603216,-9.21034037197618,4.77912349311153,6,0,1,1,184,500340342
3,"Freitag",1,"February",7.64778604544093,-9.21034037197618,3.52636052461616,3,-Inf,0,0,147,107255472
2,"Mittwoch",1,"February",7.06902342657826,-9.21034037197618,3.52636052461616,1,-Inf,0,0,123,135079152
1,"Sonntag",11,"January",10.2921116434483,2.39789527279837,4.82028156560504,27,-Inf,0,4,123,822239726
1,"Dienstag",21,"January",10.3230856511102,1.94591014905531,5.45958551414416,106,0,1,35,90,1202722675
1,"Freitag",1,"February",7.90507284949867,-9.21034037197618,4.65396035015752,12,-Inf,0,12,160,343197054
1,"Freitag",10,"August",8.36869318309779,-9.21034037197618,2.56494935746154,0,0,1,3,115,240769997
2,"Sonntag",4,"August",8.58335539366991,-9.21034037197618,3.49650756146648,123,-Inf,0,4,141,426204830
1,"Freitag",7,"August",7.78030308790837,-9.21034037197618,3.09104245335832,13,-Inf,0,6,160,421135627
1,"Freitag",4,"October",8.14438886554762,1.94591014905531,3.17805383034795,85,-Inf,0,1,145,554875730
1,"Freitag",4,"June",8.6020856584342,-9.21034037197618,3.80666248977032,1,-Inf,0,12,89,467727006
3,"Freitag",3,"July",5.605802066296,1.38629436111989,1.94591014905531,21,-Inf,0,0,95,327498031
1,"Freitag",2,"December",6.88243747099785,-9.21034037197618,2.39789527279837,0,-Inf,0,0,160,185408548
7,"Freitag",1,"January",6.94119005506837,0,2.94443897916644,5,-Inf,0,0,174,245400167
3,"Donnerstag",28,"December",9.84017494632436,-9.21034037197618,4.85203026391962,17,-Inf,0,0,92,579395142
2,"Freitag",24,"January",9.85571437106444,-9.21034037197618,4.35670882668959,15,-Inf,0,3,134,675039469
2,"Freitag",2,"November",8.1721644521119,0.693147180559945,4.04305126783455,13,0,1,7,172,252871192
1,"Freitag",2,"December",7.30787278076371,-9.21034037197618,3.78418963391826,63,-Inf,0,24,80,231996128
1,"Donnerstag",6,"March",10.4104858614677,0,5.64897423816121,114,-Inf,0,5,150,1929770265
2,"Sonntag",24,"November",9.74771055096429,-9.21034037197618,4.4188406077966,63,-Inf,0,0,80,918915401
2,"Donnerstag",3,"January",8.84721610435754,-9.21034037197618,4.17438726989564,45,-Inf,0,1,166,1180896317
1,"Mittwoch",6,"October",7.91644286012226,-9.21034037197618,1.6094379124341,1,-Inf,0,0,120,498960285
1,"Samstag",3,"February",8.34616759436413,2.39789527279837,3.04452243772342,20,-Inf,0,0,92,685071800
1,"Freitag",1,"January",7.61381868480863,-9.21034037197618,3.85014760171006,3,2.484906649788,12,6,85,258714692
2,"Samstag",1,"January",5.8636311755981,-9.21034037197618,2.30258509299405,0,-Inf,0,0,154,143139338
2,"Freitag",2,"October",7.32448997934853,-9.21034037197618,3.73766961828337,7,-Inf,0,4,92,209768491
2,"Freitag",1,"February",6.74170069465205,-9.21034037197618,3.2188758248682,0,-Inf,0,0,140,64714573
1,"Freitag",1,"February",6.8134445995109,-9.21034037197618,2.99573227355399,3,-Inf,0,0,89,50746620
1,"Freitag",1,"January",6.39859493453521,-9.21034037197618,3.3322045101752,73,-Inf,0,0,135,154119539
1,"Freitag",2,"November",7.49554194388426,-9.21034037197618,3.76120011569356,36,2.56494935746154,13,4,140,181328253
1,"Freitag",8,"July",7.56527528189893,-9.21034037197618,1.09861228866811,0,-Inf,0,1,82,370068639
1,"Mittwoch",9,"January",10.4052320675659,-9.21034037197618,5.89440283426485,129,-Inf,0,28,79,2280566092
1,"Freitag",4,"October",8.7533714210009,-9.21034037197618,3.85014760171006,116,-Inf,0,0,88,563902868
1,"Freitag",2,"December",6.23244801655052,2.19722457733622,2.07944154167984,106,-Inf,0,8,139,317622165
2,"Freitag",1,"January",6.87832646829133,0.693147180559945,3.55534806148941,104,0,1,0,124,291709698
1,"Freitag",4,"October",7.85476918349913,-9.21034037197618,2.07944154167984,67,-Inf,0,0,80,203680270
2,"Freitag",1,"February",6.96979066990159,-9.21034037197618,3.73766961828337,1,-Inf,0,0,120,81350745
1,"Freitag",4,"October",8.19367666595524,-9.21034037197618,3.04452243772342,86,-Inf,0,2,80,282883169
2,"Freitag",1,"February",6.94697599213542,-9.21034037197618,2.07944154167984,0,-Inf,0,0,117,64787943
2,"Mittwoch",4,"June",9.61647192462751,0.693147180559945,6.11589212548303,50,0,1,8,117,2484812918
2,"Donnerstag",4,"May",8.45701846838017,-9.21034037197618,2.56494935746154,7,-Inf,0,1,140,461437791
1,"Freitag",4,"December",9.50703173858555,0,5.50533153593236,71,0.693147180559945,2,5,99,1439191367
2,"Samstag",3,"February",8.49494758246892,2.99573227355399,3.95124371858143,42,-Inf,0,0,93,759208783
1,"Dienstag",32,"September",9.16051967699223,-9.21034037197618,3.80666248977032,27,-Inf,0,43,106,368646862
2,"Freitag",1,"March",8.16080392095467,-9.21034037197618,4.23410650459726,2,2.39789527279837,11,0,124,299634472
2,"Freitag",1,"March",8.71784570489492,1.38629436111989,5.22035582507832,40,2.19722457733622,9,35,95,756907987
1,"Freitag",1,"January",8.59692815943509,3.46573590279973,3.8286413964891,16,0,1,2,96,682475162
1,"Donnerstag",2,"November",8.44955654270043,0.693147180559945,4.81218435537242,113,0,1,4,92,546191065
1,"Donnerstag",1,"March",7.52617891334615,1.09861228866811,3.36729582998647,40,0,1,1,124,229473310
1,"Donnerstag",1,"March",5.29831736654804,0.693147180559945,2.484906649788,4,-Inf,0,0,72,202677468
1,"Freitag",1,"February",7.54327334670545,-9.21034037197618,3.25809653802148,1,-Inf,0,0,71,121913181
2,"Dienstag",1,"February",6.81454289725996,0.693147180559945,3.80666248977032,0,0,1,1,135,208166039
1,"Dienstag",19,"May",7.99091546309133,0.693147180559945,2.89037175789616,82,-Inf,0,5,95,527033089
2,"Donnerstag",1,"March",6.13339804299665,-9.21034037197618,1.94591014905531,11,-Inf,0,0,71,94616487
1,"Freitag",2,"April",7.95296679092313,0.693147180559945,3.36729582998647,2,0,1,0,180,394030335
1,"Freitag",1,"February",7.98582466641892,-9.21034037197618,3.73766961828337,0,-Inf,0,0,150,193443895
1,"Freitag",1,"February",6.54391184556479,2.39789527279837,2.77258872223978,41,0,1,1,189,299648208
1,"Dienstag",1,"February",5.79301360838414,-9.21034037197618,2.30258509299405,21,-Inf,0,9,85,182978249
1,"Freitag",1,"February",6.76388490856244,2.77258872223978,3.29583686600433,84,1.94591014905531,7,11,140,319757142
2,"Dienstag",10,"July",7.34601020991329,-9.21034037197618,-9.21034037197618,0,-Inf,0,0,81,109091573
2,"Freitag",1,"February",7.45529848568329,-9.21034037197618,3.25809653802148,1,-Inf,0,0,104,153240879
1,"Freitag",2,"September",7.60339933974067,-9.21034037197618,2.77258872223978,5,-Inf,0,7,129,346127840
1,"Samstag",3,"February",7.08002649992259,-9.21034037197618,2.56494935746154,1,-Inf,0,1,94,312622938
1,"Freitag",48,"October",10.5994308203981,1.09861228866811,5.77144112313002,162,2.07944154167984,8,17,71,2197010679
1,"Freitag",5,"March",8.20494516501921,-9.21034037197618,2.39789527279837,10,-Inf,0,7,146,1200808494
1,"Freitag",3,"March",9.19349935478016,-9.21034037197618,5.4510384535657,82,0,1,1,103,797196073
1,"Dienstag",10,"January",10.8373627671673,3.52636052461616,5.75257263882563,160,0,1,46,124,1970673297
1,"Freitag",2,"May",8.08856180527623,-9.21034037197618,2.30258509299405,0,-Inf,0,0,164,665765558
1,"Freitag",2,"September",7.29505641646263,-9.21034037197618,0.693147180559945,0,-Inf,0,10,138,263779030
1,"Donnerstag",3,"October",7.70796153183549,-9.21034037197618,3.58351893845611,2,-Inf,0,14,126,339473453
2,"Mittwoch",6,"February",10.0594223541569,3.04452243772342,5.8171111599632,188,1.09861228866811,3,30,103,2204080728
2,"Dienstag",7,"May",10.2411019937361,-9.21034037197618,5.75257263882563,159,-Inf,0,44,95,2591224264
1,"Dienstag",1,"February",5.66988092298052,-9.21034037197618,2.19722457733622,66,-Inf,0,0,200,135444283
2,"Samstag",12,"January",10.6642466515061,-9.21034037197618,5.37989735354046,136,0,1,2,129,1457139296
2,"Freitag",4,"June",7.86518795418747,-9.21034037197618,2.70805020110221,48,-Inf,0,3,98,236872197
1,"Freitag",1,"April",9.07532216029809,-9.21034037197618,5.09375020080676,32,2.70805020110221,15,12,107,694525298
1,"Mittwoch",1,"March",7.00760061395185,-9.21034037197618,3.46573590279973,0,-Inf,0,0,174,240661097
1,"Donnerstag",1,"February",7.82364593083495,3.04452243772342,4.21950770517611,24,0,1,0,92,421365166
2,"Freitag",1,"March",7.89989532313973,0,4.00733318523247,3,-Inf,0,0,90,349746291
1,"Donnerstag",1,"March",7.64587582518481,-9.21034037197618,4.31748811353631,11,-Inf,0,14,147,255120451
1,"Freitag",1,"April",7.07749805356923,-9.21034037197618,3.04452243772342,0,-Inf,0,0,143,190981339
1,"Sonntag",8,"January",9.39141114686849,-9.21034037197618,4.36944785246702,80,1.09861228866811,3,10,101,924193303
1,"Dienstag",1,"April",6.62406522779989,2.07944154167984,3.3322045101752,124,-Inf,0,1,118,305771063
3,"Freitag",1,"March",8.00469951054955,-9.21034037197618,3.89182029811063,17,-Inf,0,0,98,273005485
1,"Mittwoch",1,"April",5.41610040220442,-9.21034037197618,2.39789527279837,0,-Inf,0,0,138,89566512
1,"Donnerstag",8,"January",9.13162178726478,-9.21034037197618,5.04342511691925,5,-Inf,0,6,114,677389855
2,"Donnerstag",1,"April",6.82219739062049,-9.21034037197618,3.17805383034795,0,-Inf,0,0,180,75476209
1,"Donnerstag",2,"September",7.58018941794454,2.19722457733622,3.95124371858143,25,-Inf,0,10,145,408843328
3,"Sonntag",1,"January",6.29156913955832,1.38629436111989,3.25809653802148,3,-Inf,0,0,115,187772591
3,"Donnerstag",1,"March",6.75576892198425,-9.21034037197618,2.63905732961526,0,-Inf,0,0,82,178512385
1,"Freitag",1,"April",7.01750614294126,-9.21034037197618,3.43398720448515,9,-Inf,0,1,166,101780047
3,"Mittwoch",1,"March",5.60947179518496,0.693147180559945,2.484906649788,2,-Inf,0,0,92,118381354
1,"Freitag",1,"April",6.53087762772588,0.693147180559945,2.39789527279837,6,-Inf,0,15,108,146363130
1,"Freitag",1,"March",5.42053499927229,-9.21034037197618,1.6094379124341,0,-Inf,0,1,84,126443991
1,"Freitag",1,"March",7.1420365747068,-9.21034037197618,2.99573227355399,4,-Inf,0,1,95,157990698
4,"Donnerstag",1,"March",6.76849321164863,-9.21034037197618,3.46573590279973,0,-Inf,0,0,135,176290831
1,"Freitag",4,"December",8.9300972286214,-9.21034037197618,4.82028156560504,24,-Inf,0,8,110,1023187129
2,"Sonntag",27,"November",7.22256601882217,-9.21034037197618,3.8286413964891,8,-Inf,0,0,88,106933107
1,"Mittwoch",1,"March",5.75257263882563,0.693147180559945,3.29583686600433,2,-Inf,0,0,119,139193812
1,"Freitag",1,"March",6.47850964220857,-9.21034037197618,1.79175946922805,188,-Inf,0,0,120,212234990
1,"Freitag",7,"September",9.42399908407918,-9.21034037197618,5.43372200355424,57,0.693147180559945,2,71,122,1714490998
2,"Freitag",1,"March",6.4377516497364,-9.21034037197618,2.30258509299405,2,-Inf,0,1,98,197643795
1,"Freitag",4,"December",9.03943341999748,0,4.44265125649032,24,-Inf,0,2,140,807015863
3,"Dienstag",10,"January",10.8761208099483,-9.21034037197618,5.31320597904179,1,-Inf,0,0,116,933815613
1,"Freitag",2,"June",8.14206328310415,-9.21034037197618,3.46573590279973,6,-Inf,0,1,124,499710590
6,"Freitag",1,"February",6.82219739062049,-9.21034037197618,3.52636052461616,39,-Inf,0,0,105,120847157
1,"Dienstag",1,"April",5.19849703126583,-9.21034037197618,2.77258872223978,14,-Inf,0,0,118,53909146
1,"Freitag",9,"June",9.84044125081849,1.09861228866811,5.42934562895444,105,-Inf,0,84,108,2236667932
1,"Montag",8,"November",10.0314409168466,1.6094379124341,5.66642668811243,87,-Inf,0,36,100,2123309722
1,"Freitag",1,"May",8.62011072542292,-9.21034037197618,3.95124371858143,16,-Inf,0,206,140,301242089
1,"Donnerstag",1,"April",9.10731047165664,-9.21034037197618,5.48893772615669,49,3.04452243772342,21,24,109,723894473
3,"Freitag",1,"May",8.439663988907,-9.21034037197618,3.63758615972639,13,-Inf,0,0,101,237351106
1,"Freitag",1,"May",7.70930833338587,-9.21034037197618,3.29583686600433,44,-Inf,0,5,78,461558540
1,"Freitag",1,"May",7.01391547481053,1.79175946922805,1.94591014905531,30,0,1,1,93,417230415
1,"Freitag",1,"May",7.85360481309784,-9.21034037197618,1.38629436111989,5,-Inf,0,51,87,156898322
2,"Freitag",1,"May",8.04141290939305,-9.21034037197618,1.38629436111989,0,-Inf,0,0,153,127309180
1,"Freitag",1,"May",7.07242190053737,-9.21034037197618,1.94591014905531,21,-Inf,0,0,142,313113297
1,"Freitag",1,"May",8.15651022607997,-9.21034037197618,2.99573227355399,10,-Inf,0,0,96,173702135
2,"Donnerstag",1,"May",7.98684490116138,-9.21034037197618,3.73766961828337,28,-Inf,0,0,125,271666301
1,"Freitag",1,"May",7.27447955877387,-9.21034037197618,2.19722457733622,11,0,1,0,85,305650299
2,"Freitag",1,"May",8.01565761455734,-9.21034037197618,3.09104245335832,0,-Inf,0,0,140,123216717
2,"Freitag",1,"May",7.49331724886215,2.07944154167984,2.07944154167984,25,0,1,0,196,479655659
1,"Freitag",1,"May",7.91169052070834,-9.21034037197618,1.09861228866811,7,-Inf,0,1,134,126191104
2,"Freitag",1,"May",7.08590146436561,-9.21034037197618,2.07944154167984,30,0,1,1,103,344055883
1,"Freitag",1,"May",6.79346613258001,1.09861228866811,2.30258509299405,24,-Inf,0,0,130,338422004
2,"Freitag",1,"May",7.39939808333135,-9.21034037197618,1.38629436111989,1,-Inf,0,0,108,68895644
3,"Freitag",1,"May",7.7367436824535,-9.21034037197618,2.19722457733622,0,-Inf,0,0,123,86176890
1,"Freitag",1,"May",6.93634273583405,3.3322045101752,1.6094379124341,28,-Inf,0,0,152,403231558
2,"Freitag",1,"May",7.42714413340862,1.94591014905531,2.30258509299405,30,-Inf,0,33,108,319546754
1,"Freitag",1,"May",7.29979736675816,-9.21034037197618,0,0,-Inf,0,0,72,61739839
1,"Freitag",1,"May",6.7202201551353,-9.21034037197618,1.38629436111989,15,-Inf,0,0,121,283359161
3,"Freitag",1,"May",7.74413662762799,-9.21034037197618,1.94591014905531,0,-Inf,0,0,138,76831876
1,"Freitag",1,"May",6.91174730025167,0,2.07944154167984,12,-Inf,0,0,188,283332261
2,"Montag",1,"February",7.22037383672395,-9.21034037197618,3.87120101090789,4,0,1,0,110,307752576
1,"Freitag",1,"May",7.01391547481053,1.09861228866811,1.94591014905531,25,-Inf,0,0,105,279737940
1,"Freitag",1,"May",7.09754885061479,-9.21034037197618,2.19722457733622,7,-Inf,0,1,118,212351890
2,"Freitag",4,"May",9.16314393714521,2.70805020110221,5.08759633523238,116,1.94591014905531,7,0,176,1304313953
1,"Freitag",1,"May",7.59689443814454,-9.21034037197618,3.55534806148941,0,-Inf,0,0,158,150500965
1,"Freitag",1,"May",6.7990558620588,-9.21034037197618,1.79175946922805,20,-Inf,0,0,115,246127838
1,"Freitag",7,"January",7.98888225330923,-9.21034037197618,2.30258509299405,2,-Inf,0,0,110,582863434
2,"Freitag",1,"May",7.52833176670725,-9.21034037197618,0,0,-Inf,0,0,174,58687425
2,"Freitag",1,"April",6.68710860786651,-9.21034037197618,2.77258872223978,81,-Inf,0,0,130,212109195
1,"Freitag",1,"April",7.70706265537047,2.07944154167984,3.87120101090789,40,0,1,210,78,382199619
1,"Freitag",1,"May",7.0057890192535,-9.21034037197618,-9.21034037197618,0,-Inf,0,0,104,41210087
1,"Freitag",1,"May",7.72533003791713,-9.21034037197618,4.53259949315326,12,2.39789527279837,11,3,121,231657891
1,"Donnerstag",1,"March",6.31896811374643,-9.21034037197618,2.30258509299405,4,-Inf,0,0,105,53729194
1,"Freitag",1,"April",7.62559507213245,-9.21034037197618,3.95124371858143,9,-Inf,0,1,81,244741137
1,"Freitag",1,"May",7.30854279753919,-9.21034037197618,0.693147180559945,0,-Inf,0,0,170,42485571
1,"Freitag",1,"May",7.34277918933185,-9.21034037197618,0,0,-Inf,0,0,78,37778188
1,"Freitag",1,"April",7.7621706071382,-9.21034037197618,3.3322045101752,42,-Inf,0,0,125,254218729
1,"Freitag",1,"May",7.56475701290573,-9.21034037197618,0.693147180559945,0,-Inf,0,0,92,53603447
1,"Freitag",1,"April",6.56526497003536,1.38629436111989,2.77258872223978,11,-Inf,0,0,140,160035717
2,"Montag",1,"April",6.8330317327862,-9.21034037197618,2.94443897916644,0,-Inf,0,0,96,164163229
1,"Freitag",1,"May",7.08506429395255,-9.21034037197618,-9.21034037197618,0,-Inf,0,0,118,37091576
2,"Sonntag",1,"February",5.85507192220243,1.79175946922805,2.30258509299405,22,-Inf,0,0,92,284249832
2,"Freitag",1,"May",7.54433210805369,-9.21034037197618,1.09861228866811,0,-Inf,0,0,140,33381454
2,"Freitag",1,"April",7.17625453201714,0.693147180559945,3.13549421592915,16,-Inf,0,5,174,184622518
2,"Mittwoch",1,"January",8.41869794466714,-9.21034037197618,4.90527477843843,74,0,1,18,127,300983101
2,"Freitag",1,"May",7.41276401742656,-9.21034037197618,2.70805020110221,3,-Inf,0,0,96,121077868
2,"Freitag",1,"April",7.2086003379602,-9.21034037197618,3.25809653802148,1,-Inf,0,0,150,106919680
1,"Mittwoch",1,"April",6.41017488196617,-9.21034037197618,1.6094379124341,29,-Inf,0,0,100,136996305
1,"Freitag",2,"December",7.09920174355309,-9.21034037197618,3.43398720448515,0,-Inf,0,2,105,65719930
1,"Montag",1,"May",6.44413125670044,-9.21034037197618,2.89037175789616,75,-Inf,0,0,104,229497852
1,"Mittwoch",1,"March",7.1708884785125,-9.21034037197618,3.13549421592915,1,-Inf,0,0,154,185550869
1,"Dienstag",1,"February",7.19218205871325,-9.21034037197618,3.73766961828337,51,-Inf,0,0,80,54682594
2,"Sonntag",1,"April",5.83773044716594,0.693147180559945,1.38629436111989,35,0,1,1,150,240580042
1,"Dienstag",25,"March",9.48044384215367,2.19722457733622,4.91998092582813,5,-Inf,0,0,156,1284942608
1,"Sonntag",1,"May",7.98582466641892,-9.21034037197618,3.36729582998647,0,-Inf,0,0,98,71423324
1,"Donnerstag",4,"November",6.00881318544259,0,1.6094379124341,0,-Inf,0,0,92,244891912
1,"Freitag",1,"May",7.30787278076371,-9.21034037197618,3.25809653802148,2,-Inf,0,2,144,132171975
1,"Freitag",6,"October",7.72488843932307,-9.21034037197618,2.39789527279837,6,-Inf,0,1,150,184706613
1,"Montag",2,"August",6.68586094706836,-9.21034037197618,3.73766961828337,9,0,1,1,138,184826429
1,"Freitag",1,"June",6.7202201551353,-9.21034037197618,3.46573590279973,110,-Inf,0,0,172,302006641
1,"Freitag",1,"June",6.60123011872888,-9.21034037197618,1.6094379124341,132,-Inf,0,3,77,330881149
1,"Freitag",1,"May",8.40043463080604,0,4.38202663467388,11,-Inf,0,1,107,334733572
1,"Freitag",1,"May",8.07651532755233,1.09861228866811,3.36729582998647,10,-Inf,0,0,114,366214458
1,"Freitag",1,"June",5.78996017089725,-9.21034037197618,1.6094379124341,40,-Inf,0,0,117,114546317
1,"Freitag",1,"May",7.92840602618053,-9.21034037197618,3.04452243772342,11,-Inf,0,0,146,290833204
1,"Freitag",1,"May",8.42858053305963,-9.21034037197618,4.36944785246702,13,-Inf,0,17,160,448500832
4,"Freitag",1,"June",7.74630066223144,-9.21034037197618,3.52636052461616,0,-Inf,0,0,120,136676504
3,"Freitag",1,"May",8.28979058318164,-9.21034037197618,4.29045944114839,45,-Inf,0,0,100,190625045
1,"Freitag",1,"June",5.63121178182137,-9.21034037197618,-9.21034037197618,18,-Inf,0,0,158,79095270
1,"Freitag",1,"May",7.74153358928183,-9.21034037197618,2.99573227355399,3,-Inf,0,0,142,273194684
4,"Freitag",1,"May",8.17723488551019,1.09861228866811,3.58351893845611,1,-Inf,0,1,170,333146475
2,"Freitag",1,"May",7.66340766489348,-9.21034037197618,3.13549421592915,1,0,1,0,84,194902696
1,"Freitag",1,"May",8.09894674894334,1.6094379124341,3.76120011569356,28,-Inf,0,208,139,311482393
1,"Freitag",41,"January",8.58073121222023,-9.21034037197618,3.98898404656427,76,-Inf,0,0,151,195918494
2,"Mittwoch",1,"June",7.24494154633701,-9.21034037197618,3.25809653802148,16,-Inf,0,1,128,248511839
1,"Freitag",1,"May",7.56682847920833,-9.21034037197618,2.56494935746154,2,-Inf,0,0,118,233671263
1,"Freitag",1,"May",7.59387784460512,-9.21034037197618,1.94591014905531,1,-Inf,0,0,183,199587884
1,"Donnerstag",1,"June",6.96318998587024,-9.21034037197618,3.93182563272433,14,-Inf,0,0,83,91781263
2,"Freitag",1,"February",8.53993267838573,2.56494935746154,4.69134788222914,38,0,1,33,122,383835984
1,"Freitag",1,"May",7.64683139143048,0,2.07944154167984,1,-Inf,0,0,165,236060709
1,"Freitag",1,"May",7.68294316987829,-9.21034037197618,2.89037175789616,1,-Inf,0,0,106,189236868
2,"Mittwoch",1,"May",6.79794041297493,-9.21034037197618,2.94443897916644,0,-Inf,0,0,77,160845341
1,"Mittwoch",9,"January",8.54636356871602,-9.21034037197618,4.49980967033027,22,-Inf,0,114,91,588955257
1,"Dienstag",1,"May",7.83518375526675,-9.21034037197618,4.14313472639153,8,0.693147180559945,2,105,148,238350348
1,"Freitag",1,"May",7.54960916515453,0,2.70805020110221,1,-Inf,0,0,114,187703102
2,"Freitag",1,"June",8.26333266743997,0.693147180559945,4.67282883446191,76,0,1,9,120,295307001
2,"Donnerstag",1,"June",6.79794041297493,-9.21034037197618,-9.21034037197618,0,-Inf,0,0,92,138334433
1,"Donnerstag",7,"November",9.07966204833407,-9.21034037197618,3.49650756146648,60,0,1,0,118,445590495
3,"Freitag",1,"March",8.57357352485234,-9.21034037197618,4.93447393313069,73,-Inf,0,5,123,286739476
1,"Mittwoch",5,"September",9.23122084955554,-9.21034037197618,3.63758615972639,79,-Inf,0,1,89,1122364376
1,"Donnerstag",1,"June",6.36990098282823,2.07944154167984,2.484906649788,1,-Inf,0,1,110,157136970
1,"Freitag",1,"May",7.32448997934853,-9.21034037197618,3.25809653802148,2,-Inf,0,0,118,137070925
1,"Samstag",2,"May",5.50533153593236,1.38629436111989,1.38629436111989,106,-Inf,0,7,90,183273246
1,"Freitag",1,"May",5.39362754635236,1.38629436111989,2.77258872223978,5,-Inf,0,6,130,184807630
1,"Freitag",1,"May",6.24222326545517,-9.21034037197618,1.6094379124341,36,-Inf,0,0,154,164856284
1,"Montag",37,"March",8.71275997496021,-9.21034037197618,4.71849887129509,198,0,1,0,105,704171068
1,"Dienstag",1,"June",9.18235233543601,-9.21034037197618,5.40267738187228,61,2.63905732961526,14,2,115,354614964
5,"Donnerstag",1,"June",7.75833346749091,-9.21034037197618,3.61091791264422,2,0.693147180559945,2,0,110,279717388
1,"Freitag",1,"June",8.56845648535378,-9.21034037197618,4.18965474202643,89,-Inf,0,11,125,195628667
1,"Freitag",1,"June",7.78405700263993,-9.21034037197618,3.80666248977032,2,-Inf,0,1,102,221752937
1,"Sonntag",1,"February",6.67834211465433,2.39789527279837,3.25809653802148,18,0,1,4,120,263280370
1,"Freitag",1,"June",6.34738920965601,-9.21034037197618,2.94443897916644,21,-Inf,0,2,97,213505179
2,"Donnerstag",1,"March",6.72383244082121,1.09861228866811,2.89037175789616,124,0,1,0,140,130419412
1,"Freitag",1,"July",6.33682573114644,-9.21034037197618,1.79175946922805,52,-Inf,0,0,97,155795783
1,"Donnerstag",36,"January",10.6269456795907,0,5.42934562895444,151,1.09861228866811,3,99,125,1553497987
1,"Donnerstag",1,"May",8.41759382619348,2.484906649788,5.04985600724954,275,1.09861228866811,3,128,88,293466523
1,"Samstag",1,"March",7.50549227473742,-9.21034037197618,1.09861228866811,0,-Inf,0,353,170,711366595
1,"Freitag",1,"June",7.94236223767433,-9.21034037197618,3.63758615972639,105,-Inf,0,2,137,191448892
3,"Freitag",1,"July",7.37838371299671,-9.21034037197618,2.39789527279837,0,-Inf,0,0,157,85924992
3,"Freitag",1,"June",6.79570577517351,1.38629436111989,3.3322045101752,0,-Inf,0,0,130,176103902
3,"Mittwoch",1,"July",6.85118492749374,-9.21034037197618,3.89182029811063,3,-Inf,0,0,90,121189256
1,"Freitag",1,"June",6.64248680136726,-9.21034037197618,3.2188758248682,0,-Inf,0,0,183,131746175
1,"Montag",1,"May",8.68236858937522,1.6094379124341,4.85981240436167,55,-Inf,0,101,128,244790012
3,"Freitag",1,"June",6.52941883826223,0.693147180559945,2.83321334405622,0,-Inf,0,30,130,129314708
1,"Donnerstag",1,"August",7.28069719538474,3.55534806148941,2.77258872223978,15,-Inf,0,0,126,331511413
3,"Freitag",1,"August",7.28344822875663,-9.21034037197618,3.97029191355212,2,-Inf,0,0,120,219196651
3,"Freitag",1,"August",7.65302041380419,-9.21034037197618,3.93182563272433,1,-Inf,0,0,130,170732845
1,"Freitag",3,"December",7.30921236569276,0.693147180559945,2.83321334405622,12,-Inf,0,0,122,273914335
1,"Freitag",1,"August",7.2291138777933,1.38629436111989,3.13549421592915,10,-Inf,0,0,172,179061440
1,"Mittwoch",1,"July",6.4377516497364,1.38629436111989,2.56494935746154,18,-Inf,0,0,103,185236961
1,"Freitag",1,"July",7.89655270164304,-9.21034037197618,3.66356164612965,47,-Inf,0,0,122,171788484
1,"Freitag",4,"September",7.88908440703551,0.693147180559945,3.63758615972639,266,-Inf,0,141,130,387080183
1,"Montag",1,"August",6.68336094576627,2.484906649788,2.63905732961526,141,-Inf,0,1,105,264717480
1,"Freitag",1,"March",7.08086789669078,1.79175946922805,2.83321334405622,10,-Inf,0,4,120,244928911
1,"Dienstag",1,"July",5.90536184805457,-9.21034037197618,3.3322045101752,67,-Inf,0,0,145,97610446
2,"Freitag",1,"July",6.26720054854136,1.38629436111989,2.30258509299405,43,0,1,0,99,287278853
1,"Dienstag",15,"January",9.77018470522171,3.52636052461616,4.14313472639153,39,-Inf,0,2,88,887906111
4,"Freitag",1,"July",8.04334217044161,-9.21034037197618,3.98898404656427,6,0,1,0,126,123473120
2,"Montag",1,"August",6.52941883826223,1.6094379124341,2.70805020110221,79,0.693147180559945,2,0,136,295152154
2,"Freitag",1,"February",6.66185474054531,2.19722457733622,2.70805020110221,33,0,1,0,113,323455692
3,"Donnerstag",1,"June",7.80057265467065,-9.21034037197618,4.39444915467244,4,0,1,6,132,240918092
3,"Freitag",1,"May",7.01391547481053,1.38629436111989,3.09104245335832,2,0,1,3,135,191873381
2,"Freitag",6,"November",8.51057131510735,-9.21034037197618,5.10594547390058,10,1.38629436111989,4,73,126,284216603
1,"Freitag",1,"September",7.83201418050547,1.38629436111989,4.53259949315326,95,2.19722457733622,9,202,102,239411309
1,"Montag",1,"August",6.64248680136726,2.484906649788,2.99573227355399,129,-Inf,0,12,125,265548837
1,"Dienstag",10,"January",9.89374020108125,1.94591014905531,3.49650756146648,11,-Inf,0,0,149,703301727
2,"Mittwoch",1,"June",8.54733434832822,1.79175946922805,4.62497281328427,53,2.484906649788,12,0,137,244585109
1,"Freitag",1,"August",6.42162226780652,-9.21034037197618,2.63905732961526,77,0,1,2,120,189476119
1,"Donnerstag",1,"January",7.83873755959928,-9.21034037197618,3.89182029811063,1,2.39789527279837,11,1,100,277132266
1,"Freitag",1,"June",7.40671073017764,3.40119738166216,2.99573227355399,49,0.693147180559945,2,2,164,278920007
1,"Freitag",1,"June",7.61035761831284,2.07944154167984,4.76217393479776,72,0,1,7,93,222410722
1,"Dienstag",1,"September",7.29505641646263,2.484906649788,3.2188758248682,36,0,1,0,180,185392587
1,"Freitag",1,"July",7.38585107812521,-9.21034037197618,3.04452243772342,15,-Inf,0,0,79,202452860
1,"Montag",21,"August",10.3414843856468,1.79175946922805,4.82028156560504,25,0,1,0,146,1608164312
1,"Montag",23,"July",9.28970592735692,1.38629436111989,3.17805383034795,0,-Inf,0,0,103,624101957
1,"Freitag",1,"September",6.82437367004309,-9.21034037197618,2.30258509299405,1,-Inf,0,0,140,148461629
2,"Dienstag",1,"September",5.73009978297357,-9.21034037197618,1.79175946922805,1,-Inf,0,0,92,47093942
1,"Donnerstag",7,"June",7.81116338502528,-9.21034037197618,2.70805020110221,0,-Inf,0,0,102,380319238
2,"Freitag",1,"July",7.00033446027523,0.693147180559945,2.89037175789616,10,0,1,1,118,209106362
1,"Dienstag",1,"September",5.79909265446053,-9.21034037197618,1.09861228866811,0,-Inf,0,0,93,53987404
1,"Donnerstag",1,"June",7.36770857237437,-9.21034037197618,3.63758615972639,0,-Inf,0,0,150,115331792
1,"Freitag",1,"October",7.36833968631138,1.6094379124341,4.35670882668959,65,0,1,198,130,225093344
2,"Freitag",1,"October",6.64118216974059,-9.21034037197618,2.77258872223978,0,-Inf,0,0,83,84697729
4,"Donnerstag",1,"August",6.7286286130847,-9.21034037197618,2.63905732961526,1,-Inf,0,0,102,159240673
1,"Montag",1,"October",6.06378520868761,1.79175946922805,2.63905732961526,116,-Inf,0,11,136,170709584
1,"Sonntag",41,"May",7.61085279039525,-9.21034037197618,4.34380542185368,10,-Inf,0,40,145,154356956
1,"Mittwoch",5,"November",8.83317113302287,-9.21034037197618,3.43398720448515,21,-Inf,0,4,130,723043854
1,"Donnerstag",1,"July",8.21121136179302,1.79175946922805,3.71357206670431,0,0.693147180559945,2,68,156,247689123
1,"Donnerstag",1,"September",7.40184157874383,-9.21034037197618,4.45434729625351,14,-Inf,0,37,123,176474912
1,"Freitag",1,"September",6.11368217983223,2.30258509299405,0.693147180559945,129,-Inf,0,1,132,235549288
2,"Freitag",3,"December",6.50428817353665,0,-9.21034037197618,0,-Inf,0,2,125,140430339
1,"Freitag",1,"October",6.89871453432999,-9.21034037197618,3.58351893845611,38,-Inf,0,3,162,85559365
3,"Donnerstag",1,"September",6.76734312526539,1.94591014905531,2.63905732961526,12,0.693147180559945,2,28,138,146223492
3,"Freitag",1,"July",6.47389069635227,1.38629436111989,-9.21034037197618,0,-Inf,0,0,161,187701588
2,"Freitag",1,"November",7.34277918933185,-9.21034037197618,3.09104245335832,7,-Inf,0,0,131,154863153
3,"Freitag",1,"November",7.56527528189893,-9.21034037197618,3.17805383034795,8,-Inf,0,1,122,191333656
1,"Freitag",1,"October",7.57455848420248,-9.21034037197618,2.484906649788,9,-Inf,0,0,80,253650850
1,"Freitag",1,"October",7.38274644973891,-9.21034037197618,2.30258509299405,3,-Inf,0,0,109,223064273
2,"Freitag",1,"November",7.19893124068817,-9.21034037197618,2.19722457733622,20,-Inf,0,0,158,170413877
1,"Freitag",1,"October",7.56837926783652,-9.21034037197618,1.94591014905531,5,-Inf,0,0,126,218320587
2,"Freitag",1,"November",7.49220304261874,-9.21034037197618,3.25809653802148,9,-Inf,0,3,104,141720999
1,"Freitag",1,"October",7.37588214821501,-9.21034037197618,1.79175946922805,3,-Inf,0,0,110,187339835
2,"Freitag",1,"November",7.40974195408092,0.693147180559945,3.25809653802148,52,-Inf,0,95,130,198365537
1,"Freitag",1,"October",7.46565531013406,-9.21034037197618,2.19722457733622,6,-Inf,0,2,177,186104310
1,"Freitag",1,"October",7.44716835960004,-9.21034037197618,1.38629436111989,5,-Inf,0,0,158,177503916
2,"Freitag",1,"November",6.18620862390049,-9.21034037197618,2.07944154167984,1,-Inf,0,0,114,71095708
2,"Freitag",1,"November",6.91473089271856,-9.21034037197618,1.79175946922805,5,-Inf,0,0,144,112436403
1,"Freitag",1,"October",6.17586727010576,2.19722457733622,2.30258509299405,100,0,1,27,125,203436468
1,"Freitag",1,"November",6.95177216439891,-9.21034037197618,2.07944154167984,5,-Inf,0,0,142,93367537
2,"Freitag",1,"November",6.96602418710611,-9.21034037197618,1.09861228866811,8,-Inf,0,0,120,106249219
1,"Freitag",1,"October",7.14991683613211,-9.21034037197618,0,6,-Inf,0,0,96,181382590
1,"Donnerstag",1,"November",6.8596149036542,-9.21034037197618,4.11087386417331,13,0,1,0,144,91473363
1,"Freitag",1,"October",7.07326971745971,-9.21034037197618,1.38629436111989,0,-Inf,0,0,166,121871870
2,"Donnerstag",1,"November",6.35088571671474,-9.21034037197618,0.693147180559945,0,-Inf,0,0,92,73513683
3,"Donnerstag",1,"October",7.18538701558042,-9.21034037197618,3.36729582998647,26,-Inf,0,0,97,133895612
1,"Freitag",1,"November",6.66185474054531,0.693147180559945,3.29583686600433,18,0,1,0,90,96007391
